,Country,State,City,Zip_Code,Latitude,Longitude,Gender,Senior_Citizen,Partner,Dependents,Tenure_Months,Phone_Service,Multiple_Lines,Internet_Service,Online_Security,Online_Backup,Device_Protection,Tech_Support,Streaming_TV,Streaming_Movies,Contract,Paperless_Billing,Payment_Method,Monthly_Charges,Total_Charges,CLTV,churn_probability,monthly_charges,revenue_at_risk,y_true
1827,United States,California,Alhambra,91801,34.090925,-118.128164,Male,Yes,Yes,No,3,Yes,Yes,Fiber optic,No,Yes,Yes,No,Yes,Yes,Month-to-month,Yes,Electronic check,105.9,334.65,2715,0.9974273543718353,105.9,1267.5306819357284,1
1681,United States,California,Roseville,95678,38.759751,-121.288545,Male,Yes,Yes,No,7,Yes,Yes,Fiber optic,No,No,Yes,No,Yes,Yes,Month-to-month,Yes,Electronic check,101.95,700.85,2016,0.988684191329383,101.95,1209.5562396723672,1
731,United States,California,Stockton,95210,38.033219,-121.297433,Male,No,No,No,3,Yes,Yes,Fiber optic,No,No,Yes,No,Yes,Yes,Month-to-month,Yes,Electronic check,100.95,329.95,5351,0.9733333333333334,100.95,1179.096,1
684,United States,California,Napa,94559,38.232389,-122.324944,Male,Yes,Yes,No,7,Yes,Yes,Fiber optic,No,No,Yes,No,Yes,Yes,Month-to-month,Yes,Electronic check,99.25,665.45,2487,0.9879762374974798,99.25,1176.6796988594983,1
1044,United States,California,Frazier Park,93222,34.907911,-119.234281,Female,No,Yes,No,6,Yes,Yes,Fiber optic,No,Yes,Yes,No,Yes,Yes,Month-to-month,Yes,Electronic check,105.3,545.2,4163,0.9294736842105262,105.3,1174.482947368421,1
886,United States,California,Gardena,90248,33.876482,-118.284077,Male,Yes,Yes,No,1,Yes,Yes,Fiber optic,No,No,No,No,Yes,Yes,Month-to-month,Yes,Electronic check,95.1,95.1,5795,1.0,95.1,1141.1999999999998,1
1818,United States,California,La Puente,91744,34.031441,-117.936436,Male,No,No,No,1,Yes,Yes,Fiber optic,No,No,No,No,Yes,Yes,Month-to-month,Yes,Electronic check,95.45,95.45,5962,0.9877644454962923,95.45,1131.3853958714533,1
978,United States,California,Twentynine Palms,92278,34.457829,-116.139589,Female,No,No,No,3,Yes,Yes,Fiber optic,No,No,No,No,Yes,Yes,Month-to-month,Yes,Electronic check,96.6,291.9,3260,0.9628070175438597,96.6,1116.085894736842,1
590,United States,California,Garden Grove,92845,33.782955,-118.026456,Female,No,Yes,No,1,Yes,Yes,Fiber optic,Yes,No,Yes,No,Yes,Yes,Month-to-month,Yes,Electronic check,102.45,102.45,4811,0.9044736842105262,102.45,1111.959947368421,1
3732,United States,California,Pacific Grove,93950,36.618337,-121.926417,Male,No,Yes,No,2,Yes,Yes,Fiber optic,No,No,Yes,No,Yes,No,Month-to-month,Yes,Electronic check,91.45,171.45,4889,0.9733333333333334,91.45,1068.136,0
4845,United States,California,Santa Maria,93454,34.943523,-120.256729,Male,No,No,No,7,Yes,Yes,Fiber optic,No,No,No,No,Yes,Yes,Month-to-month,Yes,Electronic check,94.1,701.3,5259,0.9294736842105262,94.1,1049.5616842105262,0
2131,United States,California,San Diego,92102,32.716007,-117.117462,Female,Yes,No,No,7,Yes,No,Fiber optic,No,No,No,No,Yes,Yes,Month-to-month,Yes,Electronic check,89.15,574.35,2415,0.9294736842105262,89.15,994.350947368421,0
3025,United States,California,Greenview,96037,41.528541,-122.955018,Male,Yes,No,No,11,Yes,Yes,Fiber optic,No,Yes,Yes,Yes,Yes,Yes,Month-to-month,Yes,Electronic check,111.4,1183.05,3175,0.7431485181485181,111.4,993.4409390609392,0
1203,United States,California,Mendocino,95460,39.305545,-123.743697,Female,Yes,No,No,1,Yes,Yes,Fiber optic,No,No,No,No,No,Yes,Month-to-month,Yes,Electronic check,85.05,85.05,2975,0.9733333333333334,85.05,993.384,1
607,United States,California,Bodfish,93205,35.523991,-118.400432,Male,No,No,No,12,Yes,Yes,Fiber optic,No,Yes,Yes,No,Yes,Yes,Month-to-month,Yes,Electronic check,106.7,1253.9,2406,0.7736247086247086,106.7,990.5490769230769,1
4341,United States,California,Los Angeles,90045,33.954017,-118.402447,Female,Yes,No,No,2,Yes,Yes,Fiber optic,No,No,No,No,No,Yes,Month-to-month,Yes,Electronic check,84.05,186.05,5039,0.9733333333333334,84.05,981.704,0
637,United States,California,Dunlap,93621,36.789213,-119.140338,Female,Yes,No,No,14,Yes,Yes,Fiber optic,No,Yes,Yes,No,Yes,Yes,Month-to-month,Yes,Electronic check,104.85,1531.4,2292,0.7779623154623154,104.85,978.8321853146851,1
808,United States,California,Echo Lake,95721,38.851842,-120.076204,Male,No,No,No,3,Yes,Yes,Fiber optic,No,Yes,Yes,No,Yes,Yes,Month-to-month,Yes,Bank transfer (automatic),105.35,323.25,3662,0.7736247086247086,105.35,978.0163566433566,1
2567,United States,California,Palo Alto,94306,37.416159,-122.131337,Female,Yes,Yes,No,4,Yes,Yes,Fiber optic,No,No,No,No,Yes,No,Month-to-month,Yes,Electronic check,83.25,308.05,5251,0.9733333333333334,83.25,972.36,0
3712,United States,California,Fresno,93710,36.822715,-119.761826,Female,No,Yes,No,6,Yes,Yes,Fiber optic,No,Yes,No,No,No,Yes,Month-to-month,Yes,Electronic check,90.75,512.25,4297,0.8894736842105264,90.75,968.6368421052633,0
654,United States,California,Lockwood,93932,35.989792,-121.055933,Female,Yes,No,No,16,Yes,Yes,Fiber optic,No,No,No,No,Yes,Yes,Month-to-month,Yes,Electronic check,96.4,1581.2,2688,0.8339181286549706,96.4,964.6764912280701,1
5570,United States,California,Beverly Hills,90210,34.099891,-118.414338,Male,Yes,No,No,14,Yes,Yes,Fiber optic,No,No,No,No,Yes,Yes,Month-to-month,Yes,Electronic check,95.6,1273.3,3502,0.8339181286549706,95.6,956.6708771929823,0
362,United States,California,Elmira,95625,38.349195,-121.902943,Male,No,Yes,No,10,Yes,Yes,Fiber optic,No,No,No,No,Yes,No,Month-to-month,Yes,Electronic check,85.6,813.85,5146,0.9294736842105262,85.6,954.7553684210525,1
1225,United States,California,Garden Valley,95633,38.852544,-120.837669,Female,No,No,No,2,Yes,Yes,Fiber optic,No,No,No,No,Yes,Yes,Month-to-month,Yes,Bank transfer (automatic),94.2,193.8,5299,0.8438676236044657,94.2,953.907961722488,1
446,United States,California,Los Angeles,90047,33.958149,-118.308441,Male,No,No,No,3,Yes,Yes,Fiber optic,No,No,No,No,No,Yes,Month-to-month,Yes,Electronic check,85.3,264.8,4934,0.9294736842105262,85.3,951.4092631578947,1
1350,United States,California,Pasadena,91107,34.159007,-118.087353,Male,Yes,Yes,No,24,Yes,Yes,Fiber optic,No,Yes,Yes,No,Yes,Yes,Month-to-month,Yes,Electronic check,104.25,2433.9,2104,0.759411294697748,104.25,950.0235296668827,1
158,United States,California,Bodfish,93205,35.523991,-118.400432,Male,No,No,No,1,Yes,No,Fiber optic,No,No,No,No,Yes,Yes,Month-to-month,Yes,Electronic check,89.55,89.55,4996,0.8739181286549709,89.55,939.1124210526317,1
1615,United States,California,Sheep Ranch,95250,38.244806,-120.417301,Male,No,Yes,No,13,Yes,Yes,Fiber optic,No,No,Yes,No,Yes,Yes,Month-to-month,Yes,Credit card (automatic),102.25,1359.0,2003,0.7627913752913752,102.25,935.9450174825174,1
287,United States,California,Los Gatos,95030,37.222842,-121.988727,Male,Yes,Yes,No,17,Yes,Yes,Fiber optic,No,No,Yes,No,Yes,Yes,Month-to-month,Yes,Credit card (automatic),100.45,1622.45,5508,0.7719946719946721,100.45,930.5623776223778,1
713,United States,California,Boulder Creek,95006,37.171727,-122.142961,Female,No,No,No,2,Yes,Yes,Fiber optic,No,No,No,No,No,Yes,Month-to-month,Yes,Electronic check,85.7,169.8,2187,0.9009022556390978,85.7,926.4878796992481,1
354,United States,California,Whitethorn,95589,40.053159,-123.995867,Female,No,Yes,No,14,Yes,Yes,Fiber optic,No,No,Yes,No,No,Yes,Month-to-month,Yes,Electronic check,87.25,1258.6,4786,0.8833198380566802,87.25,924.8358704453442,1
89,United States,California,Valley Center,92082,33.25283,-116.986079,Female,No,No,No,2,Yes,No,Fiber optic,No,No,No,No,Yes,Yes,Month-to-month,Yes,Electronic check,90.4,168.2,4157,0.8489181286549708,90.4,920.9063859649124,1
236,United States,California,Palo Alto,94304,37.386978,-122.177746,Female,Yes,No,No,4,Yes,Yes,Fiber optic,No,No,No,No,No,Yes,Month-to-month,Yes,Electronic check,84.6,360.1,2467,0.9044736842105262,84.6,918.2216842105261,1
1459,United States,California,Garden Grove,92841,33.786738,-117.982564,Female,No,No,No,3,Yes,No,Fiber optic,No,No,No,No,Yes,Yes,Month-to-month,Yes,Electronic check,89.45,240.45,3591,0.8489181286549708,89.45,911.2287192982457,1
129,United States,California,Homeland,92548,33.761894,-117.120868,Male,No,Yes,No,2,Yes,No,Fiber optic,No,No,No,Yes,Yes,Yes,Month-to-month,Yes,Electronic check,94.2,167.5,3715,0.8024708624708626,94.2,907.1130629370632,1
145,United States,California,Anaheim,92807,33.848733,-117.788357,Female,Yes,No,No,4,Yes,Yes,Fiber optic,No,No,Yes,No,Yes,No,Month-to-month,Yes,Electronic check,89.2,346.2,5808,0.8453467000835422,89.2,904.8591077694235,1
623,United States,California,Benton,93512,37.653947,-118.231443,Male,No,No,No,1,Yes,No,Fiber optic,No,No,No,No,Yes,Yes,Month-to-month,Yes,Electronic check,88.35,88.35,4254,0.8489181286549708,88.35,900.0230000000001,1
282,United States,California,Alviso,95002,37.449537,-121.994813,Male,No,No,No,7,Yes,Yes,Fiber optic,No,No,Yes,No,Yes,Yes,Month-to-month,Yes,Bank transfer (automatic),98.05,713.0,2561,0.7627913752913752,98.05,897.5003321678321,1
2582,United States,California,Concord,94519,37.990118,-122.012188,Male,No,No,No,22,Yes,Yes,Fiber optic,No,No,No,No,Yes,Yes,Month-to-month,Yes,Electronic check,95.1,2162.6,3729,0.7627913752913752,95.1,870.4975174825172,0
732,United States,California,Stockton,95212,38.049457,-121.21653,Male,No,No,No,10,Yes,No,Fiber optic,No,No,Yes,No,Yes,Yes,Month-to-month,Yes,Electronic check,94.9,1048.85,2832,0.761871706365637,94.9,867.6194992091874,1
6702,United States,California,Davis Creek,96108,41.750354,-120.403885,Female,Yes,No,No,9,Yes,Yes,Fiber optic,No,No,Yes,No,Yes,No,Month-to-month,Yes,Electronic check,90.1,816.8,2893,0.8008155523478191,90.1,865.8417751984618,0
719,United States,California,Santa Cruz,95060,36.993451,-122.098858,Female,No,No,No,1,Yes,Yes,Fiber optic,No,No,No,No,Yes,Yes,Month-to-month,No,Mailed check,95.65,95.65,3473,0.7431485181485181,95.65,852.9858691308691,1
1633,United States,California,Riverbank,95367,37.734971,-120.954271,Female,Yes,No,No,11,Yes,Yes,Fiber optic,No,No,No,No,Yes,Yes,Month-to-month,Yes,Bank transfer (automatic),95.15,997.65,4074,0.7431485181485181,95.15,848.526978021978,1
809,United States,California,Pollock Pines,95726,38.733908,-120.453416,Female,No,No,No,8,Yes,Yes,Fiber optic,No,No,No,No,Yes,No,Month-to-month,Yes,Electronic check,87.05,762.1,2545,0.8084684093766981,87.05,844.5261004348988,1
5745,United States,California,Chula Vista,91913,32.64164,-116.985026,Male,No,No,No,12,Yes,Yes,Fiber optic,No,No,No,No,Yes,Yes,Month-to-month,No,Electronic check,94.55,1173.55,5674,0.7368185784935527,94.55,835.9943591587848,0
6493,United States,California,Myers Flat,95554,40.267158,-123.805913,Female,No,No,No,23,Yes,Yes,Fiber optic,No,No,No,No,Yes,Yes,Month-to-month,Yes,Electronic check,93.5,2341.55,4861,0.7431485181485181,93.5,833.8126373626374,0
1782,United States,California,Paramount,90723,33.897122,-118.164432,Female,Yes,No,No,1,Yes,No,Fiber optic,No,No,Yes,No,No,Yes,Month-to-month,Yes,Electronic check,85.0,85.0,2650,0.815619352355793,85.0,831.9317394029088,1
370,United States,California,Pleasant Grove,95668,38.833554,-121.498102,Female,Yes,No,No,4,Yes,No,Fiber optic,No,Yes,Yes,No,Yes,Yes,Month-to-month,Yes,Credit card (automatic),99.8,442.85,2268,0.6932723926598018,99.8,830.2630174493786,1
3549,United States,California,Somis,93066,34.297628,-119.014627,Female,Yes,No,No,8,Yes,Yes,Fiber optic,No,No,No,Yes,Yes,Yes,Month-to-month,Yes,Credit card (automatic),100.15,908.55,5157,0.6908355888966892,100.15,830.246210736041,0
6213,United States,California,Brentwood,94513,37.908242,-121.682472,Male,No,No,No,1,Yes,No,Fiber optic,No,Yes,No,No,No,Yes,Month-to-month,Yes,Electronic check,85.0,85.0,5754,0.8136752136752137,85.0,829.9487179487179,0
1570,United States,California,Dublin,94568,37.713926,-121.928425,Male,No,No,No,1,Yes,No,Fiber optic,No,No,Yes,No,Yes,No,Month-to-month,Yes,Electronic check,84.85,84.85,3086,0.8136752136752137,84.85,828.4841025641024,1
1293,United States,California,Carnelian Bay,96140,39.227434,-120.091806,Male,No,No,No,26,Yes,Yes,Fiber optic,No,No,Yes,No,Yes,Yes,Month-to-month,Yes,Electronic check,98.35,2515.3,4997,0.7010574663431806,98.35,827.3880217782216,1
1933,United States,California,Manhattan Beach,90266,33.889632,-118.39737,Male,No,No,No,9,Yes,Yes,Fiber optic,No,Yes,No,No,Yes,Yes,Month-to-month,Yes,Credit card (automatic),99.3,918.75,3540,0.6932723926598018,99.3,826.1033830934198,0
1106,United States,California,San Francisco,94123,37.800254,-122.436975,Female,No,Yes,No,3,Yes,Yes,Fiber optic,No,No,No,No,No,No,Month-to-month,Yes,Electronic check,75.85,256.6,4062,0.9009022556390978,75.85,820.0012330827067,1
598,United States,California,Piru,93040,34.432843,-118.730106,Male,No,Yes,No,1,Yes,Yes,Fiber optic,No,No,No,No,No,No,Month-to-month,Yes,Electronic check,74.5,74.5,5554,0.915,74.5,818.01,1
1053,United States,California,Tipton,93272,36.047414,-119.344304,Female,No,No,No,4,Yes,Yes,Fiber optic,No,Yes,No,Yes,No,Yes,Month-to-month,Yes,Electronic check,93.5,362.2,4554,0.7270574663431806,93.5,815.7584772370486,1
2788,United States,California,Albion,95410,39.225694,-123.717354,Male,Yes,Yes,No,23,Yes,No,Fiber optic,No,No,No,No,Yes,Yes,Month-to-month,Yes,Electronic check,90.45,2117.25,5272,0.7508818904700035,90.45,815.0072039161419,0
1032,United States,California,Camarillo,93012,34.205504,-118.993111,Male,No,Yes,No,20,Yes,No,Fiber optic,No,No,No,No,Yes,Yes,Month-to-month,Yes,Electronic check,90.2,1776.55,2058,0.7516056924683626,90.2,813.5380015277558,1
284,United States,California,Davenport,95017,37.114335,-122.237162,Male,No,No,No,2,Yes,No,Fiber optic,No,No,No,No,No,Yes,Month-to-month,Yes,Electronic check,80.95,171.15,3533,0.8339181286549706,80.95,810.0680701754385,1
3071,United States,California,Milford,96121,40.181279,-120.392967,Male,Yes,Yes,No,38,Yes,Yes,Fiber optic,No,Yes,Yes,No,Yes,Yes,Month-to-month,Yes,Electronic check,102.6,4009.2,5469,0.6557055601807491,102.6,807.3046856945382,0
988,United States,California,Hinkley,92347,34.983808,-117.239306,Male,No,Yes,No,4,Yes,No,Fiber optic,No,No,No,No,Yes,No,Month-to-month,Yes,Electronic check,80.35,307.4,4167,0.8288676236044659,80.35,799.194162679426,1
135,United States,California,Sun City,92587,33.69887,-117.25071,Male,No,Yes,No,34,Yes,Yes,Fiber optic,No,No,Yes,No,Yes,Yes,Month-to-month,Yes,Electronic check,100.05,3480.0,2568,0.663426238813648,100.05,796.5095423196658,1
1848,United States,California,San Diego,92113,32.697098,-117.116587,Male,No,No,No,4,Yes,Yes,Fiber optic,No,No,No,No,No,No,Month-to-month,Yes,Electronic check,74.35,265.35,3622,0.8894736842105264,74.35,793.5884210526316,1
2684,United States,California,Scotts Valley,95066,37.070177,-122.010077,Female,No,Yes,No,9,Yes,No,Fiber optic,No,No,No,No,No,Yes,Month-to-month,Yes,Electronic check,79.75,769.1,4654,0.8277642825011245,79.75,792.1704183535762,0
1161,United States,California,Stockton,95209,38.044523,-121.348048,Female,Yes,No,No,30,Yes,Yes,Fiber optic,No,Yes,No,No,Yes,Yes,Month-to-month,Yes,Electronic check,99.7,2967.35,3548,0.6557055601807491,99.7,784.4861322002482,1
5463,United States,California,Forks Of Salmon,96031,41.232128,-123.194748,Male,No,Yes,No,34,Yes,Yes,Fiber optic,No,No,Yes,No,Yes,Yes,Month-to-month,No,Electronic check,100.85,3527.3,5891,0.646705560180749,100.85,782.6430689307424,0
1853,United States,California,Indio,92201,33.713891,-116.237257,Female,No,No,No,8,Yes,Yes,Fiber optic,No,No,No,No,Yes,Yes,Month-to-month,No,Bank transfer (automatic),95.65,778.1,5335,0.6817055601807491,95.65,782.4616419754639,1
1323,United States,California,Malibu,90263,34.037037,-118.705803,Female,Yes,No,No,2,Yes,No,Fiber optic,No,No,No,No,No,Yes,Month-to-month,Yes,Electronic check,79.6,195.05,4322,0.8180342902711324,79.6,781.3863540669856,1
1756,United States,California,Los Angeles,90017,34.052842,-118.264495,Male,Yes,No,No,1,Yes,Yes,Fiber optic,No,No,No,No,No,No,Month-to-month,Yes,Electronic check,76.45,76.45,3763,0.8489181286549708,76.45,778.7974912280704,1
579,United States,California,Dana Point,92629,33.477923,-117.705314,Male,No,No,No,1,Yes,No,Fiber optic,No,No,No,No,Yes,No,Month-to-month,Yes,Electronic check,79.5,79.5,4490,0.8136302618246163,79.5,776.203269780684,1
3602,United States,California,Bakersfield,93301,35.383937,-119.020428,Female,No,No,No,5,Yes,Yes,Fiber optic,No,No,No,No,Yes,No,Month-to-month,Yes,Electronic check,84.0,424.75,4456,0.7678418803418803,84.0,773.9846153846153,0
5169,United States,California,Sheep Ranch,95250,38.244806,-120.417301,Female,Yes,Yes,No,26,Yes,Yes,Fiber optic,No,No,Yes,No,Yes,Yes,Month-to-month,Yes,Bank transfer (automatic),98.1,2510.7,3114,0.6557055601807491,98.1,771.8965854447779,0
1148,United States,California,Los Gatos,95032,37.233034,-121.947427,Female,No,Yes,No,21,Yes,Yes,Fiber optic,No,No,No,No,No,Yes,Month-to-month,Yes,Electronic check,86.5,1808.7,2036,0.7431485181485181,86.5,771.3881618381619,1
803,United States,California,Thornton,95686,38.157794,-121.520223,Male,No,No,No,6,Yes,No,Fiber optic,No,Yes,No,No,No,Yes,Month-to-month,Yes,Electronic check,84.4,556.35,4539,0.7599929059878747,84.4,769.7208151845196,1
1170,United States,California,Lockeford,95237,38.166791,-121.14207,Male,No,No,No,4,Yes,No,Fiber optic,No,No,No,No,No,Yes,Month-to-month,Yes,Electronic check,79.9,324.3,4669,0.8024708624708626,79.9,769.4090629370631,1
4062,United States,California,Fortuna,95540,40.584991,-124.121504,Male,No,No,No,3,Yes,No,Fiber optic,No,Yes,Yes,No,No,Yes,Month-to-month,No,Electronic check,90.4,268.45,5625,0.7075851517013335,90.4,767.5883725656066,0
641,United States,California,North Fork,93643,37.244307,-119.470256,Female,No,No,No,1,Yes,Yes,Fiber optic,No,No,No,No,No,No,Month-to-month,Yes,Electronic check,77.15,77.15,2756,0.8277642825011245,77.15,766.3441727395411,1
1204,United States,California,Redwood Valley,95470,39.298065,-123.25211,Female,No,Yes,No,21,Yes,No,Fiber optic,No,Yes,Yes,Yes,Yes,Yes,Month-to-month,Yes,Electronic check,102.8,2110.15,3123,0.6193644230570032,102.8,764.0479522831192,1
1018,United States,California,Silverado,92676,33.782346,-117.635263,Female,No,No,No,30,Yes,Yes,Fiber optic,No,Yes,No,No,Yes,Yes,Month-to-month,Yes,Electronic check,100.2,2983.8,3598,0.6353209447961337,100.2,763.9099040228712,1
6688,United States,California,Scott Bar,96085,41.737962,-123.07557,Female,No,No,No,33,Yes,Yes,Fiber optic,No,Yes,No,No,Yes,Yes,Month-to-month,Yes,Electronic check,100.0,3320.6,4643,0.6353209447961337,100.0,762.3851337553604,0
1745,United States,California,Carnelian Bay,96140,39.227434,-120.091806,Female,No,Yes,No,13,Yes,Yes,Fiber optic,No,Yes,Yes,No,Yes,No,Month-to-month,No,Electronic check,94.1,1215.6,2973,0.6740929054803146,94.1,761.1857088683712,1
1845,United States,California,San Diego,92109,32.787836,-117.232376,Male,Yes,No,No,25,Yes,Yes,Fiber optic,No,Yes,No,No,Yes,No,Month-to-month,Yes,Electronic check,89.5,2196.15,4849,0.7084267436700505,89.5,760.8503227016342,1
1083,United States,California,Parlier,93648,36.622237,-119.521126,Male,Yes,Yes,No,27,Yes,Yes,Fiber optic,No,Yes,Yes,No,No,Yes,Month-to-month,Yes,Electronic check,95.55,2510.2,2999,0.663426238813648,95.55,760.6845254237288,1
1212,United States,California,Rio Dell,95562,40.485849,-124.163234,Female,No,No,No,2,Yes,Yes,Fiber optic,No,No,No,No,No,No,Month-to-month,Yes,Electronic check,75.55,166.3,4320,0.8339181286549706,75.55,756.0301754385964,1
1337,United States,California,San Pedro,90732,33.744119,-118.31448,Male,Yes,No,No,3,Yes,Yes,Fiber optic,No,No,No,No,No,No,Month-to-month,Yes,Electronic check,77.0,237.75,3128,0.8180342902711324,77.0,755.8636842105263,1
98,United States,California,Indio,92201,33.713891,-116.237257,Male,No,No,No,1,Yes,Yes,Fiber optic,No,Yes,No,No,No,Yes,Month-to-month,Yes,Credit card (automatic),90.85,90.85,3424,0.6932723926598018,90.85,755.8055624777159,1
1310,United States,California,Los Angeles,90041,34.137412,-118.207607,Female,No,No,No,18,Yes,No,Fiber optic,Yes,No,No,No,Yes,Yes,Month-to-month,Yes,Electronic check,96.05,1740.7,5581,0.6557055601807491,96.05,755.7662286643314,1
4760,United States,California,Port Hueneme,93041,34.110124,-119.100972,Female,No,Yes,No,18,Yes,No,Fiber optic,No,No,Yes,No,Yes,Yes,Month-to-month,Yes,Credit card (automatic),95.95,1745.5,5009,0.6557055601807491,95.95,754.9793819921146,0
6167,United States,California,Menlo Park,94025,37.449551,-122.183762,Male,Yes,Yes,No,7,Yes,Yes,Fiber optic,No,No,No,No,No,No,Month-to-month,Yes,Electronic check,75.4,533.05,3533,0.8339181286549706,75.4,754.5291228070174,0
691,United States,California,Sunol,94586,37.587494,-121.862856,Male,No,No,No,24,Yes,No,Fiber optic,No,No,No,No,Yes,Yes,Month-to-month,Yes,Electronic check,90.35,2238.5,5546,0.6932723926598018,90.35,751.645928121757,1
1580,United States,California,Oakland,94611,37.828416,-122.216005,Male,No,Yes,No,7,Yes,No,Fiber optic,No,Yes,No,Yes,Yes,No,Month-to-month,Yes,Electronic check,89.75,608.8,3807,0.6932723926598018,89.75,746.6543668946065,1
223,United States,California,Loma Mar,94021,37.266388,-122.26308,Male,No,No,No,10,Yes,No,Fiber optic,Yes,Yes,Yes,Yes,Yes,Yes,Month-to-month,Yes,Electronic check,110.1,1043.3,5803,0.5640395738551931,110.1,745.2090849774811,1
6011,United States,California,Mc Kittrick,93251,35.38381,-119.730885,Male,Yes,Yes,No,7,Yes,Yes,Fiber optic,No,No,No,No,No,No,Month-to-month,Yes,Electronic check,74.85,485.25,2259,0.8277642825011245,74.85,743.4978785425101,0
1481,United States,California,Fellows,93224,35.215731,-119.57013,Female,No,No,No,3,Yes,Yes,Fiber optic,No,No,No,No,No,No,Month-to-month,Yes,Electronic check,75.5,220.6,5948,0.8180342902711324,75.5,741.139066985646,1
1130,United States,California,Vallejo,94590,38.104705,-122.247387,Female,Yes,No,No,37,Yes,Yes,Fiber optic,No,No,No,No,Yes,Yes,Month-to-month,Yes,Electronic check,96.55,3580.3,4448,0.6353209447961337,96.55,736.0828466408004,1
2666,United States,California,Castroville,95012,36.784481,-121.759054,Male,Yes,Yes,No,46,Yes,Yes,Fiber optic,No,No,Yes,No,Yes,Yes,Month-to-month,Yes,Electronic check,98.85,4564.9,2641,0.6193644230570032,98.85,734.6900786302172,0
1760,United States,California,Los Angeles,90027,34.127194,-118.295647,Female,No,No,No,1,Yes,Yes,Fiber optic,No,No,No,No,No,No,Month-to-month,Yes,Electronic check,74.5,74.5,2016,0.8215046952091167,74.5,734.4251975169504,1
1485,United States,California,Maricopa,93252,34.737031,-119.460557,Female,No,No,No,13,Yes,Yes,Fiber optic,Yes,Yes,No,No,Yes,No,Month-to-month,Yes,Electronic check,96.65,1244.5,2110,0.6283644230570032,96.65,728.7770578615124,1
172,United States,California,Shafter,93263,35.490705,-119.286833,Male,No,Yes,No,1,Yes,No,Fiber optic,No,No,No,No,No,Yes,Month-to-month,No,Electronic check,80.0,80.0,2046,0.7547456568976461,80.0,724.5558306217403,1
830,United States,California,Palermo,95968,39.435756,-121.552071,Male,No,No,No,25,Yes,No,Fiber optic,No,Yes,No,No,Yes,Yes,Month-to-month,Yes,Electronic check,95.9,2448.75,2241,0.6283644230570032,95.9,723.1217780539994,1
985,United States,California,Fontana,92336,34.136367,-117.460803,Male,No,No,No,4,Yes,Yes,Fiber optic,No,No,No,No,No,No,Month-to-month,Yes,Electronic check,76.05,318.9,3685,0.7916375291375293,76.05,722.4484090909092,1
1314,United States,California,Los Angeles,90056,33.987945,-118.370442,Male,No,Yes,No,11,Yes,Yes,Fiber optic,No,No,No,No,No,No,Month-to-month,Yes,Electronic check,74.35,834.2,5075,0.8088730694256844,74.35,721.6765525415956,1
1671,United States,California,Elmira,95625,38.349195,-121.902943,Female,No,No,No,4,Yes,No,Fiber optic,No,No,No,No,Yes,No,Month-to-month,Yes,Electronic check,79.0,303.15,2085,0.7602913752913751,79.0,720.7562237762236,1
2093,United States,California,Jamul,91935,32.695681,-116.798386,Male,No,No,No,4,Yes,No,Fiber optic,No,No,Yes,Yes,No,Yes,Month-to-month,Yes,Electronic check,90.4,356.65,3314,0.663426238813648,90.4,719.6847838650453,0
374,United States,California,Sloughhouse,95683,38.470423,-121.114897,Female,No,Yes,No,15,Yes,No,Fiber optic,No,No,Yes,No,Yes,No,Month-to-month,Yes,Electronic check,84.3,1308.4,4003,0.7099996653870745,84.3,718.2356615055645,1
999,United States,California,San Bernardino,92408,34.084909,-117.258107,Female,Yes,No,No,26,Yes,No,Fiber optic,No,No,No,No,Yes,Yes,Month-to-month,Yes,Electronic check,91.25,2351.8,5154,0.6557055601807491,91.25,717.9975883979203,1
6096,United States,California,Cutler,93615,36.497895,-119.285484,Female,No,No,No,21,Yes,Yes,Fiber optic,No,Yes,No,No,Yes,Yes,Month-to-month,Yes,Credit card (automatic),99.85,1992.55,2113,0.5987781817808318,99.85,717.4560174097926,0
1808,United States,California,Burbank,91501,34.188339,-118.300942,Male,No,No,No,13,Yes,Yes,Fiber optic,No,No,No,Yes,Yes,Yes,Month-to-month,Yes,Mailed check,99.0,1301.7,3493,0.6033644230570032,99.0,716.7969345917198,1
1028,United States,California,Placentia,92870,33.881158,-117.854783,Female,No,Yes,No,1,Yes,No,Fiber optic,No,No,No,No,Yes,No,Month-to-month,No,Electronic check,78.8,78.8,5075,0.7577054587819705,78.8,716.4862818242312,1
4797,United States,California,Onyx,93255,35.676978,-118.101378,Male,No,No,No,3,Yes,No,Fiber optic,No,No,No,No,Yes,Yes,Month-to-month,No,Mailed check,90.7,237.65,3953,0.6557055601807491,90.7,713.6699317007274,0
6613,United States,California,Clipper Mills,95930,39.562239,-121.14836,Male,No,No,No,4,Yes,Yes,Fiber optic,Yes,No,No,No,Yes,No,Month-to-month,No,Electronic check,90.65,367.95,3559,0.6557055601807491,90.65,713.276508364619,0
1538,United States,California,Seaside,93955,36.625114,-121.823565,Female,No,Yes,No,1,Yes,No,Fiber optic,No,No,No,No,Yes,No,Month-to-month,Yes,Bank transfer (automatic),79.35,79.35,3492,0.7488528673607107,79.35,713.0577003008686,1
375,United States,California,Wheatland,95692,39.043387,-121.409837,Male,Yes,No,No,9,Yes,Yes,Fiber optic,No,No,No,No,No,Yes,Month-to-month,Yes,Credit card (automatic),84.4,732.5,5745,0.7039390593264685,84.4,712.9494792858472,1
619,United States,California,Buellton,93427,34.631362,-120.238218,Female,No,No,No,1,Yes,No,Fiber optic,No,No,Yes,No,Yes,No,Month-to-month,Yes,Credit card (automatic),85.55,85.55,3967,0.6932723926598018,85.55,711.7134383045525,1
1534,United States,California,Carmel By The Sea,93921,36.554618,-121.922239,Male,No,Yes,No,1,Yes,No,Fiber optic,No,No,No,No,No,No,Month-to-month,Yes,Electronic check,71.0,71.0,4207,0.8339181286549706,71.0,710.498245614035,1
5948,United States,California,Anaheim,92801,33.844983,-117.952151,Female,Yes,No,No,21,Yes,Yes,Fiber optic,No,No,No,No,Yes,Yes,Month-to-month,Yes,Bank transfer (automatic),95.4,2025.1,5691,0.6193209447961336,95.4,708.9986176026139,0
1354,United States,California,Valencia,91355,34.43987,-118.644609,Male,No,No,No,9,Yes,No,Fiber optic,No,No,No,No,No,Yes,Month-to-month,Yes,Electronic check,80.8,713.1,3890,0.7309036201893344,80.8,708.6841501355786,1
367,United States,California,Madison,95653,38.674276,-121.961866,Female,Yes,Yes,No,34,Yes,Yes,Fiber optic,No,Yes,Yes,No,No,Yes,Month-to-month,Yes,Electronic check,94.25,3217.55,3369,0.6263209447961336,94.25,708.3689885644271,1
1271,United States,California,Castella,96017,41.121108,-122.336613,Female,No,Yes,No,31,Yes,Yes,Fiber optic,No,Yes,No,No,No,Yes,Month-to-month,Yes,Electronic check,91.15,2995.45,5219,0.646705560180749,91.15,707.3665417257033,1
1256,United States,California,Grimes,95950,39.033058,-121.895718,Female,Yes,No,No,15,Yes,Yes,Fiber optic,No,Yes,No,No,No,Yes,Month-to-month,No,Electronic check,89.85,1424.95,2668,0.6557055601807491,89.85,706.9817349868836,1
1635,United States,California,Vernalis,95385,37.609095,-121.263381,Male,No,No,No,1,Yes,No,Fiber optic,No,No,No,No,No,Yes,Month-to-month,No,Electronic check,80.5,80.5,2734,0.7309036201893344,80.5,706.0528971028971,1
2691,United States,California,San Jose,95117,37.311088,-121.961786,Male,No,Yes,No,32,Yes,Yes,Fiber optic,No,Yes,No,No,Yes,Yes,Month-to-month,Yes,Credit card (automatic),98.85,3145.9,3981,0.5924056327612239,98.85,702.7115615813638,0
1139,United States,California,San Rafael,94903,38.018065,-122.546024,Female,Yes,No,No,8,Yes,Yes,Fiber optic,No,No,No,No,No,No,Month-to-month,Yes,Electronic check,75.75,606.25,4174,0.7719946719946721,75.75,701.743156843157,1
1092,United States,California,Salinas,93901,36.64152,-121.622188,Male,No,No,No,6,Yes,Yes,Fiber optic,No,No,No,No,No,No,Month-to-month,Yes,Electronic check,74.9,469.8,4160,0.7779623154623154,74.9,699.2325291375291,1
758,United States,California,Branscomb,95417,39.710591,-123.682799,Female,Yes,Yes,No,1,Yes,No,Fiber optic,No,No,No,No,No,No,Month-to-month,Yes,Electronic check,69.25,69.25,4568,0.8400448876092966,69.25,698.0773016033255,1
1213,United States,California,Samoa,95564,40.809636,-124.189977,Male,No,Yes,No,1,Yes,No,Fiber optic,No,No,No,No,No,No,Month-to-month,Yes,Electronic check,70.0,70.0,2485,0.8277642825011245,70.0,695.3219973009446,1
917,United States,California,Stevenson Ranch,91381,34.364153,-118.615583,Female,Yes,No,No,11,Yes,Yes,Fiber optic,No,No,No,No,No,Yes,Month-to-month,Yes,Credit card (automatic),84.8,906.85,5118,0.6817055601807491,84.8,693.7035780399303,1
1404,United States,California,Joshua Tree,92252,34.167236,-116.281511,Male,No,Yes,No,5,Yes,Yes,Fiber optic,Yes,No,Yes,No,No,No,Month-to-month,Yes,Electronic check,84.5,453.75,5141,0.6801535115409207,84.5,689.6756607024937,1
490,United States,California,Westlake Village,91361,34.130992,-118.894673,Female,No,No,No,3,Yes,No,Fiber optic,No,Yes,No,No,Yes,No,Month-to-month,No,Electronic check,83.75,247.25,4852,0.685551714026903,83.75,688.9794725970374,1
3364,United States,California,Indio,92203,33.752938,-116.230055,Male,Yes,Yes,No,1,Yes,Yes,Fiber optic,No,No,No,No,No,No,Month-to-month,No,Electronic check,74.3,74.3,2968,0.7719946719946721,74.3,688.3104495504497,0
5638,United States,California,Long Beach,90807,33.830099,-118.182239,Female,No,No,No,8,Yes,Yes,Fiber optic,No,No,No,No,No,No,Month-to-month,Yes,Electronic check,73.5,632.2,5777,0.7779623154623154,73.5,686.1627622377622,0
1387,United States,California,Solana Beach,92075,33.001813,-117.263628,Female,No,Yes,No,1,Yes,No,Fiber optic,No,No,No,No,Yes,No,Month-to-month,Yes,Mailed check,80.05,80.05,2943,0.7141763474620617,80.05,686.0377993720565,1
4730,United States,California,Anaheim,92806,33.83796,-117.870494,Female,No,No,No,3,Yes,Yes,Fiber optic,No,No,No,No,No,No,Month-to-month,Yes,Electronic check,74.95,212.4,3641,0.760356132675464,74.95,683.8643057283123,0
5015,United States,California,El Cerrito,94530,37.924838,-122.289145,Female,Yes,No,No,46,Yes,Yes,Fiber optic,No,Yes,Yes,No,Yes,Yes,Month-to-month,Yes,Electronic check,104.45,4863.85,4103,0.5431268517593795,104.45,680.7551959952062,0
964,United States,California,San Diego,92130,32.957195,-117.202542,Male,No,No,No,1,Yes,No,Fiber optic,No,No,No,No,No,No,Month-to-month,Yes,Electronic check,69.1,69.1,5795,0.8136752136752137,69.1,674.6994871794872,1
2557,United States,California,San Francisco,94123,37.800254,-122.436975,Male,No,Yes,No,16,Yes,Yes,Fiber optic,No,No,No,No,No,No,Month-to-month,Yes,Electronic check,75.4,1189.4,5432,0.7431485181485181,75.4,672.4007792207792,0
224,United States,California,Los Altos,94024,37.352911,-122.093002,Female,No,No,No,6,Yes,No,Fiber optic,No,No,Yes,No,No,Yes,Month-to-month,No,Electronic check,83.9,497.55,3962,0.6663722268474157,83.9,670.9035579899781,1
3450,United States,California,Riverside,92509,34.004379,-117.447864,Male,No,No,No,21,Yes,Yes,Fiber optic,No,No,No,No,No,Yes,Month-to-month,Yes,Electronic check,84.1,1737.45,4649,0.663426238813648,84.1,669.5297602107336,0
502,United States,California,Pomona,91768,34.067932,-117.785168,Male,No,Yes,No,49,Yes,Yes,Fiber optic,No,No,Yes,No,Yes,Yes,Month-to-month,Yes,Electronic check,99.8,4872.45,6088,0.5582879857024003,99.8,668.6056916771946,1
3502,United States,California,Ladera Ranch,92694,33.569186,-117.640055,Male,Yes,No,No,20,Yes,No,Fiber optic,No,No,No,No,Yes,Yes,Month-to-month,No,Electronic check,89.95,1648.45,4812,0.6193209447961336,89.95,668.4950278129467,0
5599,United States,California,Inglewood,90305,33.958134,-118.330905,Male,No,No,No,9,Yes,Yes,Fiber optic,No,No,No,No,No,No,Month-to-month,Yes,Electronic check,75.85,724.65,5212,0.7309036201893344,75.85,665.2684750963322,0
1029,United States,California,Corona,92882,33.819385,-117.600213,Female,No,No,No,47,Yes,Yes,Fiber optic,No,Yes,Yes,No,Yes,Yes,Month-to-month,Yes,Electronic check,106.4,5127.95,4804,0.5203600443236253,106.4,664.3957045924047,1
893,United States,California,Torrance,90501,33.833699,-118.314387,Male,Yes,Yes,No,53,Yes,Yes,Fiber optic,No,Yes,No,No,Yes,Yes,Month-to-month,Yes,Electronic check,101.9,5549.4,5884,0.5431268517593795,101.9,664.1355143313692,1
460,United States,California,Buena Park,90620,33.845706,-118.012204,Female,Yes,No,No,41,Yes,Yes,Fiber optic,Yes,Yes,Yes,No,Yes,Yes,Month-to-month,Yes,Electronic check,113.2,4689.5,3380,0.4885945614079967,113.2,663.7068522166227,1
1868,United States,California,Apple Valley,92307,34.55082,-117.122396,Male,Yes,Yes,No,4,Yes,Yes,Fiber optic,No,No,No,No,No,No,Month-to-month,Yes,Mailed check,74.4,306.6,5839,0.7430225013082156,74.4,663.3704891679749,1
753,United States,California,Westley,95387,37.546007,-121.28257,Female,Yes,No,No,1,Yes,No,Fiber optic,No,No,No,No,No,No,Month-to-month,Yes,Electronic check,71.0,71.0,5345,0.7755789601184976,71.0,660.7932740209599,1
4464,United States,California,Granada Hills,91344,34.291273,-118.505104,Female,No,No,No,8,Yes,Yes,Fiber optic,No,No,No,No,No,No,Month-to-month,Yes,Electronic check,75.25,576.7,2332,0.7309036201893344,75.25,660.005969030969,0
857,United States,California,Sierraville,96126,39.559709,-120.345639,Male,No,Yes,No,19,Yes,Yes,Fiber optic,No,No,No,Yes,Yes,Yes,One year,Yes,Electronic check,100.95,1875.55,4072,0.5445303605313092,100.95,659.644078747628,1
569,United States,California,Anza,92539,33.527605,-116.666551,Female,No,Yes,No,30,Yes,Yes,Fiber optic,No,No,No,No,No,Yes,Month-to-month,Yes,Electronic check,85.0,2624.25,3698,0.646705560180749,85.0,659.639671384364,1
462,United States,California,La Palma,90623,33.850504,-118.039892,Male,No,No,No,2,Yes,No,Fiber optic,No,No,No,No,Yes,No,Month-to-month,No,Electronic check,79.0,143.65,5239,0.6932723926598018,79.0,657.2222282414921,1
3222,United States,California,Pasadena,91107,34.159007,-118.087353,Male,No,No,No,8,Yes,Yes,Fiber optic,No,No,No,No,No,No,Month-to-month,Yes,Electronic check,74.85,572.45,5514,0.7309036201893344,74.85,656.4976316540601,0
5588,United States,California,Palos Verdes Peninsula,90274,33.788208,-118.404955,Male,No,Yes,No,22,Yes,No,Fiber optic,Yes,Yes,No,Yes,Yes,Yes,Month-to-month,Yes,Electronic check,104.6,2180.55,2429,0.5224369445150858,104.6,655.7628527553356,0
6145,United States,California,Salinas,93907,36.77462,-121.664714,Female,No,No,No,6,Yes,No,Fiber optic,No,Yes,No,No,No,Yes,Month-to-month,Yes,Mailed check,85.95,514.6,3291,0.6353209447961337,85.95,655.2700224627323,0
277,United States,California,Novato,94949,38.067204,-122.524004,Male,No,No,No,23,Yes,Yes,Fiber optic,No,No,No,Yes,Yes,No,Month-to-month,Yes,Electronic check,90.6,1943.2,4359,0.6015318416191625,90.6,653.9854182083534,1
4941,United States,California,Greenfield,93927,36.248708,-121.386617,Male,No,No,No,6,Yes,Yes,Fiber optic,No,No,No,Yes,No,Yes,Month-to-month,Yes,Bank transfer (automatic),87.95,522.35,2684,0.6193209447961336,87.95,653.6313251378394,0
315,United States,California,Modesto,95356,37.716186,-121.025836,Male,No,No,No,19,Yes,Yes,Fiber optic,No,No,No,No,No,Yes,Month-to-month,Yes,Bank transfer (automatic),86.0,1532.45,4857,0.6307347035199622,86.0,650.918214032601,1
662,United States,California,Mountain View,94043,37.419725,-122.062947,Male,No,No,No,13,Yes,Yes,Fiber optic,Yes,No,No,No,Yes,Yes,Month-to-month,No,Mailed check,98.15,1230.25,5525,0.5522444988182029,98.15,650.4335707080794,1
783,United States,California,Carmichael,95608,38.626128,-121.328011,Male,Yes,No,No,14,Yes,Yes,Fiber optic,No,No,No,No,No,No,Month-to-month,Yes,Electronic check,74.95,1036.75,2075,0.7209968602825745,74.95,648.4645761381475,1
571,United States,California,Moreno Valley,92551,33.88274,-117.224878,Female,No,No,No,2,Yes,No,Fiber optic,No,No,Yes,No,No,No,Month-to-month,Yes,Electronic check,75.8,160.75,5270,0.7099996653870745,75.8,645.815695636083,1
1012,United States,California,Foothill Ranch,92610,33.698728,-117.67768,Female,No,No,No,4,Yes,No,Fiber optic,No,Yes,Yes,Yes,Yes,Yes,One year,Yes,Electronic check,105.65,443.9,4663,0.5087246963562754,105.65,644.961170040486,1
1422,United States,California,Newberry Springs,92365,34.89326,-116.505958,Male,No,No,No,13,Yes,No,Fiber optic,No,No,No,No,No,Yes,Month-to-month,Yes,Electronic check,80.85,1008.7,5964,0.663426238813648,80.85,643.6561368970013,1
807,United States,California,Dutch Flat,95714,39.197215,-120.83679,Male,No,No,No,4,Yes,No,Fiber optic,No,No,No,No,Yes,No,Month-to-month,No,Electronic check,77.85,299.2,2140,0.6886882449746465,77.85,643.3725584553147,1
71,United States,California,West Covina,91791,34.061634,-117.893169,Male,No,Yes,No,18,Yes,No,Fiber optic,No,No,Yes,No,Yes,Yes,Month-to-month,No,Mailed check,95.15,1779.95,4643,0.5631105577242338,95.15,642.9596348095301,1
1727,United States,California,Hornbrook,96044,41.962127,-122.527696,Male,Yes,No,No,2,Yes,Yes,Fiber optic,No,No,No,No,No,No,Month-to-month,Yes,Mailed check,74.85,156.4,5378,0.7141763474620617,74.85,641.4731952904237,1
570,United States,California,Hemet,92543,33.739415,-116.968339,Female,No,No,No,2,Yes,No,Fiber optic,No,No,No,No,No,Yes,Month-to-month,No,Electronic check,80.55,184.1,2856,0.663426238813648,80.55,641.2678024372722,1
1510,United States,California,Caliente,93518,35.358953,-118.527064,Female,No,No,No,1,Yes,No,Fiber optic,No,Yes,No,No,No,No,Month-to-month,Yes,Electronic check,75.7,75.7,4884,0.704377513030944,75.7,639.8565328373096,1
418,United States,California,Palo Cedro,96073,40.582399,-122.195512,Male,Yes,No,No,2,Yes,No,Fiber optic,No,Yes,No,No,No,No,Month-to-month,Yes,Electronic check,74.7,165.4,2803,0.7099996653870745,74.7,636.4437000529736,1
4312,United States,California,Los Angeles,90002,33.949255,-118.246978,Male,Yes,No,No,38,Yes,Yes,Fiber optic,No,No,No,No,Yes,Yes,Month-to-month,No,Electronic check,94.75,3653.0,3654,0.5595785862993493,94.75,636.2408526223602,0
1447,United States,California,Lake Forest,92630,33.644849,-117.684254,Male,Yes,No,No,15,Yes,No,Fiber optic,No,No,No,No,No,Yes,Month-to-month,Yes,Electronic check,79.4,1156.1,3621,0.663426238813648,79.4,632.1125203416439,1
1356,United States,California,Castaic,91384,34.506627,-118.699048,Male,Yes,Yes,No,36,Yes,Yes,Fiber optic,No,No,No,No,No,Yes,Month-to-month,Yes,Electronic check,84.1,3021.6,2987,0.6263209447961336,84.1,632.0830974882581,1
5883,United States,California,San Bernardino,92408,34.084909,-117.258107,Male,No,Yes,No,45,Yes,Yes,Fiber optic,No,Yes,Yes,No,Yes,Yes,Month-to-month,Yes,Bank transfer (automatic),107.75,4882.8,3301,0.4885945614079967,107.75,631.7527679005398,0
186,United States,California,Lancaster,93535,34.712708,-117.889656,Female,No,No,No,22,Yes,No,Fiber optic,No,No,No,No,Yes,Yes,Month-to-month,No,Electronic check,89.25,1907.85,3161,0.5884786430117377,89.25,630.2606266655711,1
1878,United States,California,Los Angeles,90016,34.028331,-118.354338,Male,No,No,No,25,Yes,No,Fiber optic,Yes,No,Yes,Yes,Yes,Yes,Month-to-month,Yes,Electronic check,105.5,2686.05,5822,0.49756969785432775,105.5,629.923237483579,0
3679,United States,California,Dos Palos,93620,37.045728,-120.630682,Male,No,No,No,7,Yes,No,Fiber optic,No,No,Yes,No,No,No,Month-to-month,Yes,Electronic check,74.9,490.55,5335,0.7000929054803147,74.9,629.2435034457069,0
464,United States,California,Avalon,90704,33.391181,-118.421305,Male,No,No,No,1,Yes,No,Fiber optic,No,No,No,No,No,No,Month-to-month,Yes,Electronic check,71.65,71.65,2377,0.7309036201893344,71.65,628.4309326387898,1
702,United States,California,El Sobrante,94803,37.963995,-122.288296,Male,Yes,No,No,19,Yes,Yes,Fiber optic,No,No,Yes,No,No,No,Month-to-month,Yes,Electronic check,79.85,1471.75,3715,0.6557055601807491,79.85,628.2970677651938,1
5301,United States,California,Leggett,95585,39.873371,-123.741474,Male,No,No,No,2,Yes,No,Fiber optic,No,No,No,No,No,No,Month-to-month,Yes,Electronic check,70.3,144.0,2980,0.7431485181485181,70.3,626.9200899100899,0
4481,United States,California,Burbank,91504,34.213049,-118.317651,Female,No,No,No,1,Yes,Yes,Fiber optic,No,Yes,No,No,No,No,Month-to-month,Yes,Mailed check,79.15,79.15,2742,0.6580309746314341,79.15,624.9978197049362,0
1016,United States,California,Costa Mesa,92627,33.645672,-117.922613,Male,No,No,No,4,Yes,No,Fiber optic,No,No,Yes,No,No,No,Month-to-month,Yes,Electronic check,73.9,280.85,4479,0.7039390593264685,73.9,624.2531578107123,1
1048,United States,California,Mc Kittrick,93251,35.38381,-119.730885,Female,Yes,No,No,20,Yes,Yes,Fiber optic,No,No,No,No,No,Yes,Month-to-month,Yes,Credit card (automatic),85.8,1727.5,3336,0.6057347035199622,85.8,623.664450744153,1
4030,United States,California,Lakeport,95453,39.080469,-122.955176,Male,No,No,No,1,Yes,No,Fiber optic,No,No,No,No,No,No,Month-to-month,Yes,Electronic check,69.9,69.9,3358,0.7431485181485181,69.9,623.352977022977,0
1272,United States,California,Douglas City,96024,40.586588,-122.903677,Female,No,No,No,2,Yes,No,Fiber optic,No,No,No,No,No,No,Month-to-month,Yes,Electronic check,70.95,137.95,5390,0.7309036201893344,70.95,622.2913422291994,1
5379,United States,California,Sacramento,95819,38.567594,-121.437507,Male,No,Yes,No,33,Yes,No,Fiber optic,No,No,No,No,Yes,Yes,Month-to-month,No,Electronic check,91.25,2964.05,3296,0.5674056327612239,91.25,621.3091678735402,0
1657,United States,California,Garberville,95542,40.057784,-123.679461,Female,Yes,No,No,2,Yes,No,Fiber optic,No,No,No,No,No,No,Month-to-month,Yes,Electronic check,70.65,142.35,2189,0.7309036201893344,70.65,619.6600891965178,1
574,United States,California,Nuevo,92567,33.82769,-117.102244,Male,Yes,Yes,No,7,Yes,Yes,Fiber optic,No,No,No,No,No,No,Month-to-month,Yes,Mailed check,74.4,527.9,4969,0.6932723926598018,74.4,618.9535921666711,1
1311,United States,California,Los Angeles,90042,34.11572,-118.192754,Female,No,No,No,7,Yes,Yes,Fiber optic,No,No,No,No,No,No,Month-to-month,Yes,Bank transfer (automatic),75.1,552.95,5514,0.685551714026903,75.1,617.819204681045,1
652,United States,California,Carmel Valley,93924,36.414611,-121.6386,Male,No,No,No,1,Yes,Yes,Fiber optic,No,No,No,No,No,No,Month-to-month,Yes,Mailed check,74.25,74.25,4750,0.6932723926598018,74.25,617.7057018598834,1
4581,United States,California,San Diego,92116,32.765299,-117.122565,Male,No,No,No,44,Yes,Yes,Fiber optic,Yes,Yes,Yes,No,Yes,Yes,Month-to-month,Yes,Electronic check,111.5,4915.15,2827,0.45952080174000953,111.5,614.8388327281327,0
1360,United States,California,North Hollywood,91605,34.207295,-118.400022,Male,No,No,No,22,Yes,No,Fiber optic,No,Yes,Yes,No,Yes,No,Month-to-month,Yes,Electronic check,89.4,2001.5,5438,0.573039573855193,89.4,614.7568548318511,1
1859,United States,California,El Centro,92243,32.770393,-115.60915,Female,Yes,No,No,3,Yes,Yes,Fiber optic,No,No,No,No,No,No,Month-to-month,Yes,Credit card (automatic),75.05,256.25,3553,0.6817055601807491,75.05,613.9440274987827,1
268,United States,California,Greenbrae,94904,37.946617,-122.563571,Male,Yes,No,No,14,Yes,No,Fiber optic,No,No,No,No,Yes,Yes,Month-to-month,No,Credit card (automatic),90.45,1266.1,4777,0.5650009946018046,90.45,613.2520795407988,1
456,United States,California,Pacific Palisades,90272,34.079449,-118.548306,Male,No,No,No,1,Yes,No,Fiber optic,No,No,No,No,No,No,Month-to-month,Yes,Electronic check,69.9,69.9,3349,0.7309036201893344,69.9,613.0819566148137,1
925,United States,California,Valley Village,91607,34.165783,-118.399795,Male,No,Yes,No,31,Yes,Yes,Fiber optic,No,Yes,Yes,No,Yes,No,Month-to-month,No,Electronic check,93.8,3019.5,4115,0.542882421702975,93.8,611.0684538688686,1
453,United States,California,Hermosa Beach,90254,33.86532,-118.396336,Female,Yes,No,No,1,Yes,No,Fiber optic,No,No,No,No,No,No,Month-to-month,Yes,Electronic check,69.6,69.6,3438,0.7309036201893344,69.6,610.4507035821321,1
200,United States,California,Madera,93638,37.004068,-119.930027,Male,No,No,No,1,Yes,No,Fiber optic,No,No,No,No,No,No,Month-to-month,Yes,Electronic check,69.55,69.55,3042,0.7309036201893344,69.55,610.0121614100185,1
4923,United States,California,Fresno,93706,36.654614,-119.903674,Male,No,No,No,21,Yes,Yes,Fiber optic,Yes,No,Yes,No,Yes,Yes,Month-to-month,No,Mailed check,103.85,2215.0,4520,0.4885945614079967,103.85,608.8865424266454,0
470,United States,California,Long Beach,90808,33.823943,-118.111335,Female,No,No,No,1,Yes,No,Fiber optic,No,No,Yes,No,No,No,Month-to-month,No,Electronic check,76.35,76.35,5613,0.663426238813648,76.35,607.8311200010643,1
1405,United States,California,Niland,92257,33.345825,-115.596574,Male,No,No,No,18,Yes,Yes,Fiber optic,No,No,Yes,No,No,Yes,Month-to-month,Yes,Credit card (automatic),90.7,1597.25,2931,0.5582879857024003,90.7,607.6406436384925,1
3929,United States,California,San Jose,95148,37.339533,-121.777179,Female,No,No,No,24,Yes,Yes,Fiber optic,No,No,Yes,No,Yes,No,Month-to-month,Yes,Credit card (automatic),88.95,2072.75,5557,0.5666017111925965,88.95,604.7906665269776,0
926,United States,California,Claremont,91711,34.127621,-117.717863,Male,No,No,No,32,Yes,No,Fiber optic,No,No,No,Yes,Yes,Yes,Month-to-month,Yes,Electronic check,96.2,3183.4,3606,0.5224369445150858,96.2,603.1012087482151,1
5163,United States,California,Farmington,95230,37.956963,-120.863055,Male,No,No,No,29,Yes,No,Fiber optic,No,No,No,Yes,Yes,Yes,Month-to-month,Yes,Electronic check,94.2,2607.6,4561,0.5334494324045409,94.2,603.011238390093,0
112,United States,California,Ludlow,92338,34.702766,-116.093376,Female,No,Yes,No,28,Yes,No,Fiber optic,No,No,No,No,No,Yes,Month-to-month,Yes,Electronic check,81.05,2227.1,5201,0.618582303694154,81.05,601.6331485729343,1
1416,United States,California,Barstow,92311,34.965648,-117.001509,Female,No,No,No,1,Yes,No,Fiber optic,No,No,No,No,No,No,Month-to-month,Yes,Electronic check,70.6,70.6,4063,0.7099996653870745,70.6,601.5117165159295,1
3339,United States,California,Rancho Santa Fe,92067,33.012751,-117.200617,Female,No,No,No,17,Yes,No,Fiber optic,No,Yes,No,No,Yes,No,Month-to-month,Yes,Electronic check,83.55,1329.15,5564,0.5999350445259297,83.55,601.4948756416971,0
3800,United States,California,Clayton,94517,37.881842,-121.848111,Female,No,No,No,29,Yes,Yes,Fiber optic,No,No,Yes,No,Yes,Yes,Month-to-month,No,Bank transfer (automatic),100.55,2878.75,4847,0.49756969785432775,100.55,600.3675974310319,0
422,United States,California,Vina,96092,39.955164,-122.018567,Male,Yes,Yes,No,13,Yes,No,Fiber optic,No,Yes,No,Yes,No,Yes,Month-to-month,Yes,Bank transfer (automatic),89.05,1169.35,3861,0.5602291915792522,89.05,598.6609141215888,1
2763,United States,California,Merced,95340,37.255637,-120.493537,Female,No,No,No,3,Yes,No,Fiber optic,No,No,No,No,No,No,Month-to-month,Yes,Electronic check,70.15,194.2,2228,0.7099996653870745,70.15,597.6777183228394,0
555,United States,California,Apple Valley,92308,34.424926,-117.184503,Male,No,Yes,No,17,Yes,No,Fiber optic,No,No,No,No,Yes,No,Month-to-month,No,Electronic check,80.85,1400.85,5174,0.6147347035199622,80.85,596.4156093550673,1
6550,United States,California,Rio Oso,95674,38.954144,-121.482536,Female,No,No,No,2,Yes,Yes,Fiber optic,No,No,No,No,No,No,Month-to-month,Yes,Mailed check,74.9,136.05,2044,0.663426238813648,74.9,596.2875034457069,0
6932,United States,California,Upland,91786,34.105493,-117.660934,Male,No,No,No,3,Yes,No,Fiber optic,No,No,Yes,Yes,Yes,No,Month-to-month,Yes,Mailed check,89.85,244.45,4096,0.5522444988182029,89.85,595.4300186257864,0
1198,United States,California,Clearlake Oaks,95423,39.07116,-122.598542,Male,No,No,No,2,Yes,No,Fiber optic,No,No,No,No,No,No,Month-to-month,Yes,Electronic check,67.75,116.65,2299,0.7309036201893344,67.75,594.2246432139289,1
257,United States,California,Pleasanton,94588,37.685052,-121.912061,Male,Yes,Yes,No,27,Yes,Yes,Fiber optic,No,No,No,No,No,No,Month-to-month,Yes,Electronic check,75.5,1893.95,2377,0.6557055601807491,75.5,594.0692375237587,1
1514,United States,California,Lancaster,93536,34.741406,-118.38111,Male,No,No,No,6,Yes,No,Fiber optic,No,No,No,No,Yes,No,Month-to-month,Yes,Credit card (automatic),80.5,463.05,2181,0.6147347035199622,80.5,593.8337236002834,1
6546,United States,California,Placerville,95667,38.733714,-120.795213,Male,No,No,No,10,Yes,No,Fiber optic,Yes,No,Yes,No,Yes,Yes,One year,Yes,Electronic check,98.9,1064.95,4614,0.49960704929745176,98.9,592.9336461062157,0
6925,United States,California,Diamond Bar,91765,33.992416,-117.807874,Female,No,Yes,No,21,Yes,No,Fiber optic,No,No,No,Yes,Yes,No,Month-to-month,Yes,Electronic check,86.05,1818.9,2937,0.5731427424071617,86.05,591.8271958096351,0
1339,United States,California,Sunset Beach,90742,33.719221,-118.073596,Female,No,No,No,1,Yes,No,Fiber optic,No,No,Yes,No,No,No,Month-to-month,No,Electronic check,75.3,75.3,2176,0.6511193189045776,75.3,588.3514165621763,1
124,United States,California,Riverside,92503,33.890046,-117.455583,Female,No,Yes,No,2,Yes,No,Fiber optic,Yes,No,No,No,No,No,Month-to-month,Yes,Electronic check,74.4,139.4,4263,0.6557055601807491,74.4,585.4139241293728,1
5238,United States,California,Gualala,95445,38.848082,-123.50608,Female,No,Yes,No,60,Yes,Yes,Fiber optic,No,Yes,Yes,No,Yes,Yes,Month-to-month,Yes,Electronic check,106.15,6411.25,4115,0.45952080174000953,106.15,585.3375972564241,0
6295,United States,California,Novato,94949,38.067204,-122.524004,Female,No,No,No,3,Yes,No,Fiber optic,Yes,No,No,No,No,No,Month-to-month,Yes,Electronic check,74.55,233.65,5125,0.6511193189045776,74.55,582.4913426920351,0
387,United States,California,Antelope,95843,38.715498,-121.363411,Male,No,Yes,No,13,Yes,Yes,Fiber optic,No,No,No,No,No,No,Month-to-month,Yes,Credit card (automatic),74.4,896.75,3687,0.6511193189045776,74.4,581.3193279180069,1
6514,United States,California,Courtland,95615,38.311609,-121.554034,Female,No,No,No,6,Yes,Yes,Fiber optic,No,No,No,No,No,No,Month-to-month,Yes,Mailed check,73.85,401.3,4220,0.6557055601807491,73.85,581.0862674321797,0
4562,United States,California,Santee,92071,32.847336,-116.997605,Male,Yes,No,No,8,Yes,No,Fiber optic,No,No,No,No,No,No,Month-to-month,Yes,Electronic check,69.7,572.85,5242,0.6932723926598018,69.7,579.8530292206583,0
4012,United States,California,Cazadero,95421,38.578807,-123.19338,Female,Yes,No,No,6,Yes,No,Fiber optic,Yes,No,No,No,No,No,Month-to-month,Yes,Electronic check,74.1,450.9,4716,0.6511193189045776,74.1,578.9752983699505,0
1988,United States,California,Long Beach,90810,33.819814,-118.222416,Female,No,No,No,22,Yes,Yes,Fiber optic,No,No,No,No,Yes,No,Month-to-month,Yes,Bank transfer (automatic),84.15,1821.95,3549,0.5716360650832633,84.15,577.2380985210792,0
3863,United States,California,Dillon Beach,94929,38.24458,-122.956268,Female,Yes,No,No,34,Yes,Yes,Fiber optic,No,Yes,No,Yes,Yes,No,Month-to-month,Yes,Electronic check,96.35,3190.25,5425,0.49756969785432775,96.35,575.2900846591738,0
1732,United States,California,Mineral,96063,40.408796,-121.579609,Female,Yes,No,No,42,Yes,Yes,Fiber optic,No,Yes,Yes,No,Yes,Yes,Month-to-month,Yes,Bank transfer (automatic),104.75,4323.45,2984,0.4574834502968856,104.75,575.0566970231852,1
3997,United States,California,Stevinson,95374,37.316807,-120.855753,Male,No,No,No,12,Yes,No,Fiber optic,No,No,No,No,No,Yes,Month-to-month,Yes,Bank transfer (automatic),79.95,1043.4,2968,0.5987781817808318,79.95,574.4677876005301,0
6738,United States,California,Los Angeles,90022,34.02381,-118.156582,Female,No,No,No,7,Yes,No,Fiber optic,No,Yes,No,No,Yes,Yes,One year,Yes,Mailed check,94.05,633.45,5545,0.5087246963562754,94.05,574.1466923076924,0
1497,United States,California,Bakersfield,93312,35.392599,-119.245341,Female,No,No,No,1,Yes,No,Fiber optic,No,No,No,No,No,No,Month-to-month,Yes,Electronic check,70.25,70.25,4133,0.6801535115409207,70.25,573.3694102289962,1
655,United States,California,Marina,93933,36.689582,-121.758398,Male,Yes,No,No,1,Yes,No,Fiber optic,No,No,No,No,No,No,Month-to-month,Yes,Bank transfer (automatic),69.5,69.5,3273,0.685551714026903,69.5,571.750129498437,1
1665,United States,California,Amador City,95601,38.431407,-120.8421,Female,No,No,No,9,Yes,No,Fiber optic,No,No,No,No,Yes,No,Month-to-month,Yes,Bank transfer (automatic),77.65,714.15,3847,0.6121262038474071,77.65,570.379196745014,1
799,United States,California,Pine Grove,95665,38.400264,-120.641274,Female,No,No,No,5,Yes,No,Fiber optic,No,No,No,Yes,No,Yes,Month-to-month,Yes,Credit card (automatic),85.4,425.9,3716,0.5559846828209601,85.4,569.77310295492,1
3991,United States,California,Modesto,95358,37.612612,-121.108568,Male,No,No,No,26,Yes,No,Fiber optic,No,Yes,No,No,Yes,No,Month-to-month,Yes,Electronic check,85.75,2146.5,3178,0.5529586457284246,85.75,568.9944464545489,0
977,United States,California,Twentynine Palms,92277,34.17211,-115.769773,Male,No,No,No,16,Yes,Yes,Fiber optic,No,No,No,Yes,No,Yes,Month-to-month,Yes,Credit card (automatic),89.05,1448.6,5953,0.5310291313059736,89.05,567.4577297135634,1
4741,United States,California,Norco,92860,33.925833,-117.559639,Female,Yes,Yes,No,52,Yes,Yes,Fiber optic,Yes,Yes,Yes,No,Yes,Yes,Month-to-month,Yes,Electronic check,109.1,5647.95,4428,0.4312860627787433,109.1,564.6397133899306,0
4920,United States,California,Fresno,93701,36.749403,-119.787574,Male,Yes,No,No,24,Yes,Yes,Fiber optic,No,Yes,No,No,No,No,Month-to-month,Yes,Electronic check,80.5,2088.45,4422,0.5834056327612239,80.5,563.5698412473423,0
4666,United States,California,Riverside,92505,33.920907,-117.489426,Male,No,No,No,42,Yes,Yes,Fiber optic,No,No,No,Yes,Yes,Yes,Month-to-month,Yes,Electronic check,100.3,4222.95,3286,0.4672873718655131,100.3,562.4270807773316,0
918,United States,California,Castaic,91384,34.506627,-118.699048,Female,Yes,Yes,No,50,Yes,Yes,Fiber optic,No,Yes,Yes,No,Yes,No,Month-to-month,Yes,Electronic check,95.05,4888.7,5863,0.4885945614079967,95.05,557.2909567419609,1
1776,United States,California,Buena Park,90620,33.845706,-118.012204,Female,Yes,No,No,2,Yes,No,Fiber optic,No,No,No,No,No,No,Month-to-month,No,Electronic check,70.75,154.85,4407,0.6557055601807491,70.75,556.6940205934559,1
5364,United States,California,Dutch Flat,95714,39.197215,-120.83679,Male,No,Yes,No,12,Yes,No,Fiber optic,Yes,Yes,Yes,No,No,No,Month-to-month,Yes,Electronic check,84.6,959.9,2499,0.5474377516493109,84.6,555.7588054743803,0
656,United States,California,San Lucas,93954,36.125529,-120.864443,Male,Yes,Yes,No,36,Yes,Yes,Fiber optic,No,No,No,No,No,Yes,Month-to-month,Yes,Credit card (automatic),85.25,3132.75,3041,0.5431268517593795,85.25,555.6187693498453,1
3924,United States,California,San Jose,95134,37.42765,-121.945416,Female,No,Yes,No,43,Yes,Yes,Fiber optic,Yes,Yes,No,No,No,Yes,Month-to-month,Yes,Electronic check,94.1,4107.3,4392,0.4906319128511207,94.1,554.0215559914855,0
6510,United States,California,Brooks,95606,38.809804,-122.241383,Female,No,No,No,2,Yes,No,Fiber optic,No,No,No,No,No,No,Month-to-month,No,Electronic check,70.35,139.25,3430,0.6557055601807491,70.35,553.5466339045884,0
2253,United States,California,Perris,92570,33.787298,-117.320676,Female,Yes,Yes,No,5,Yes,No,Fiber optic,No,No,No,No,No,No,Month-to-month,No,Electronic check,70.05,302.6,2064,0.6557055601807491,70.05,551.1860938879377,0
404,United States,California,Anderson,96007,40.448632,-122.306657,Female,No,Yes,No,5,Yes,No,Fiber optic,No,No,No,No,No,No,Month-to-month,No,Electronic check,69.95,330.15,2969,0.6557055601807491,69.95,550.3992472157208,1
1475,United States,California,Avenal,93204,35.916943,-120.129921,Male,Yes,No,No,22,Yes,Yes,Fiber optic,No,No,No,Yes,Yes,No,Month-to-month,Yes,Bank transfer (automatic),90.5,1910.6,5014,0.5066873449131514,90.5,550.2624565756824,1
4986,United States,California,San Francisco,94118,37.781304,-122.461522,Male,No,No,No,3,Yes,No,Fiber optic,No,No,No,No,No,No,Month-to-month,Yes,Mailed check,70.3,220.4,4275,0.6511193189045776,70.3,549.2842574279017,0
2914,United States,California,West Sacramento,95691,38.627951,-121.593287,Female,No,Yes,No,60,Yes,Yes,Fiber optic,No,Yes,No,No,Yes,Yes,Month-to-month,Yes,Electronic check,99.8,5985.75,6213,0.4574834502968856,99.8,547.8821800755502,0
380,United States,California,Rancho Cordova,95742,38.591134,-121.161585,Female,Yes,No,No,5,Yes,No,Fiber optic,No,No,Yes,No,No,No,Month-to-month,Yes,Credit card (automatic),75.55,349.65,4028,0.6037467698849698,75.55,547.3568215777136,1
75,United States,California,Boulevard,91905,32.677097,-116.304991,Male,Yes,No,No,24,Yes,Yes,Fiber optic,No,No,No,No,No,No,Month-to-month,Yes,Electronic check,76.1,1712.7,2018,0.5987781817808318,76.1,546.8042356022555,1
431,United States,California,Homewood,96141,39.117018,-120.212535,Female,No,No,No,34,Yes,Yes,Fiber optic,Yes,Yes,Yes,No,Yes,Yes,Month-to-month,Yes,Mailed check,109.8,3587.25,3410,0.41389954642888727,109.8,545.3540423747017,1
750,United States,California,Snelling,95369,37.521708,-120.426843,Female,No,Yes,No,61,Yes,Yes,Fiber optic,No,Yes,No,No,Yes,Yes,Month-to-month,Yes,Electronic check,99.15,6010.05,5612,0.4574834502968856,99.15,544.3138091632345,1
4195,United States,California,Penn Valley,95946,39.203817,-121.19584,Female,Yes,No,No,4,Yes,No,Fiber optic,No,Yes,No,No,No,No,Month-to-month,No,Electronic check,72.75,317.75,4503,0.6228915662650603,72.75,543.7843373493976,0
1286,United States,California,Weaverville,96093,40.759401,-122.939337,Male,Yes,No,No,36,Yes,Yes,Fiber optic,Yes,No,No,No,Yes,No,Month-to-month,Yes,Electronic check,90.85,3186.7,5692,0.49756969785432775,90.85,542.4504846007881,1
519,United States,California,Palomar Mountain,92060,33.309852,-116.823091,Female,No,Yes,No,25,Yes,No,Fiber optic,No,Yes,Yes,No,Yes,No,Month-to-month,Yes,Bank transfer (automatic),89.15,2257.75,5853,0.5066873449131514,89.15,542.0541215880894,1
4504,United States,California,Monterey Park,91754,34.050322,-118.147037,Female,No,No,No,21,Yes,No,Fiber optic,No,Yes,No,Yes,Yes,Yes,Month-to-month,Yes,Bank transfer (automatic),99.15,1956.4,5324,0.45414187120069477,99.15,540.3379983545867,0
2343,United States,California,Simi Valley,93063,34.296813,-118.685703,Male,No,Yes,No,23,Yes,Yes,Fiber optic,No,Yes,Yes,No,No,No,Month-to-month,No,Electronic check,84.25,1968.1,2781,0.533322930190752,84.25,539.1894824228503,0
5341,United States,California,Pleasant Grove,95668,38.833554,-121.498102,Male,No,No,No,6,Yes,No,Fiber optic,Yes,Yes,No,No,No,No,Month-to-month,Yes,Electronic check,78.95,494.95,4093,0.5674056327612239,78.95,537.5600964779835,0
848,United States,California,Red Bluff,96080,40.186772,-122.388361,Female,Yes,No,No,37,Yes,Yes,Fiber optic,Yes,Yes,No,No,Yes,Yes,Month-to-month,Yes,Bank transfer (automatic),106.75,4056.75,5849,0.41896934723622137,106.75,536.6997338095996,1
397,United States,California,Magalia,95954,39.933852,-121.584371,Male,No,No,No,17,Yes,No,Fiber optic,No,No,Yes,No,No,No,Month-to-month,Yes,Electronic check,76.65,1313.55,3182,0.5834056327612239,76.65,536.6165010137738,1
5400,United States,California,Bangor,95914,39.396585,-121.38029,Male,No,No,No,5,Yes,No,Fiber optic,No,No,No,No,No,Yes,Month-to-month,No,Mailed check,78.75,426.35,2610,0.5660021239892941,78.75,534.8720071698829,0
1216,United States,California,Zenia,95595,40.170357,-123.417298,Female,No,No,No,15,Yes,No,Fiber optic,Yes,No,No,No,Yes,No,Month-to-month,No,Electronic check,86.2,1270.2,5829,0.5163647642679902,86.2,534.1277121588091,1
6044,United States,California,Creston,93432,35.480896,-120.469476,Male,No,No,No,3,Yes,No,Fiber optic,No,No,No,No,No,No,Month-to-month,Yes,Mailed check,69.6,207.4,5487,0.6351193189045776,69.6,530.4516551491032,0
2015,United States,California,Encino,91316,34.150354,-118.518292,Female,No,Yes,No,20,Yes,No,Fiber optic,Yes,Yes,No,Yes,Yes,No,Month-to-month,Yes,Electronic check,96.55,1901.65,4382,0.4574834502968856,96.55,530.0403255139715,0
826,United States,California,Downieville,95936,39.578792,-120.780786,Female,No,No,No,4,Yes,No,Fiber optic,No,Yes,No,No,No,No,Month-to-month,Yes,Bank transfer (automatic),76.65,333.6,4580,0.5750021239892941,76.65,528.8869536453527,1
1517,United States,California,Pearblossom,93553,34.445239,-117.894868,Female,No,No,No,13,Yes,Yes,Fiber optic,No,Yes,Yes,Yes,No,No,Month-to-month,No,Electronic check,89.4,1132.35,2226,0.4885945614079967,89.4,524.1642454784989,1
7027,United States,California,Parker Dam,92267,34.273872,-114.192901,Female,Yes,Yes,No,63,Yes,Yes,Fiber optic,No,Yes,Yes,No,Yes,Yes,Month-to-month,Yes,Electronic check,103.5,6479.4,5187,0.41896934723622137,103.5,520.359929267387,0
428,United States,California,Portola,96122,39.786755,-120.445626,Female,Yes,Yes,No,17,Yes,Yes,Fiber optic,Yes,No,Yes,No,No,No,Month-to-month,Yes,Bank transfer (automatic),85.35,1463.45,3209,0.5072471172091666,85.35,519.5224974456285,1
1411,United States,California,Westmorland,92281,33.03679,-115.60503,Male,No,Yes,No,32,Yes,Yes,Fiber optic,No,No,Yes,No,No,No,Month-to-month,Yes,Electronic check,78.9,2447.95,5949,0.5478964194373401,78.9,518.7483299232737,1
2741,United States,California,Catheys Valley,95306,37.394411,-120.127262,Male,Yes,Yes,No,43,Yes,Yes,Fiber optic,No,Yes,No,Yes,Yes,No,Month-to-month,Yes,Electronic check,94.3,3953.15,2040,0.4574834502968856,94.3,517.6882723559557,0
525,United States,California,Vista,92083,33.17494,-117.242761,Male,No,No,No,23,Yes,Yes,Fiber optic,No,No,No,No,No,No,Month-to-month,Yes,Electronic check,74.95,1710.45,5897,0.5743621545003543,74.95,516.5813217576186,1
1220,United States,California,Davis,95618,38.544002,-121.685559,Female,No,No,No,2,Yes,Yes,Fiber optic,No,No,No,No,No,No,Month-to-month,No,Credit card (automatic),74.9,147.15,2078,0.5743621545003543,74.9,516.2367044649185,1
5245,United States,California,Lakeport,95453,39.080469,-122.955176,Male,No,No,No,31,Yes,Yes,Fiber optic,No,Yes,No,No,No,No,Month-to-month,Yes,Electronic check,81.15,2640.55,3031,0.5286438119366326,81.15,514.7933440638928,0
6005,United States,California,Lamont,93241,35.245035,-118.905553,Female,Yes,Yes,No,20,Yes,No,Fiber optic,No,No,No,No,Yes,Yes,One year,Yes,Bank transfer (automatic),91.0,1859.5,3748,0.4713723103361856,91.0,514.7385628871147,0
1774,United States,California,Torrance,90504,33.867257,-118.330794,Male,No,No,No,3,Yes,Yes,Fiber optic,No,No,No,No,No,No,Month-to-month,No,Mailed check,75.0,209.1,3190,0.5697544290232437,75.0,512.7789861209193,1
6460,United States,California,Point Arena,95468,38.911299,-123.609588,Male,Yes,Yes,No,54,Yes,Yes,Fiber optic,No,No,Yes,No,Yes,Yes,Month-to-month,Yes,Credit card (automatic),99.05,5295.7,4011,0.4312860627787433,99.05,512.6266142188143,0
4874,United States,California,Rosamond,93560,34.903052,-118.411251,Female,No,Yes,No,10,Yes,Yes,Fiber optic,Yes,No,No,No,No,No,Month-to-month,Yes,Credit card (automatic),78.15,765.15,3403,0.5458066361556064,78.15,511.8574633867278,0
588,United States,California,Anaheim,92804,33.818,-117.974404,Male,No,No,No,10,Yes,No,Fiber optic,No,No,No,No,No,No,Month-to-month,Yes,Electronic check,70.0,740.0,3156,0.6092042849580307,70.0,511.7315993647458,1
6992,United States,California,San Diego,92117,32.825086,-117.199424,Female,No,Yes,No,51,Yes,Yes,Fiber optic,No,No,Yes,No,Yes,Yes,One year,Yes,Electronic check,98.85,4947.55,6034,0.4312860627787433,98.85,511.5915276681453,0
533,United States,California,San Diego,92110,32.76501,-117.19938,Female,No,Yes,No,47,Yes,Yes,Fiber optic,Yes,Yes,Yes,No,Yes,No,Month-to-month,Yes,Electronic check,98.75,4533.7,4622,0.4312860627787433,98.75,511.07398439281087,1
238,United States,California,Antioch,94509,37.980057,-121.801599,Female,No,No,No,3,Yes,Yes,Fiber optic,No,No,No,No,No,No,Month-to-month,No,Bank transfer (automatic),74.4,215.8,2054,0.5674056327612239,74.4,506.5797489292207,1
6060,United States,California,Acton,93510,34.501452,-118.207862,Male,Yes,Yes,No,29,Yes,Yes,Fiber optic,No,No,No,Yes,No,No,Month-to-month,Yes,Electronic check,79.3,2414.55,3172,0.5321143638699244,79.3,506.36002865861997,0
770,United States,California,Eureka,95501,40.796621,-124.15428,Female,No,No,No,7,Yes,Yes,Fiber optic,No,No,No,No,No,No,Month-to-month,No,Mailed check,75.45,480.75,2872,0.5556105577242338,75.45,503.04979896352137,1
3440,United States,California,San Bernardino,92407,34.250069,-117.393949,Female,No,No,No,7,Yes,No,DSL,No,No,No,No,Yes,Yes,Month-to-month,Yes,Electronic check,66.85,458.1,4858,0.6263209447961336,66.85,502.4346619154584,0
2408,United States,California,Casmalia,93429,34.866032,-120.536546,Male,No,No,No,32,Yes,Yes,Fiber optic,No,No,No,No,No,Yes,Month-to-month,Yes,Bank transfer (automatic),85.65,2664.3,2383,0.4885945614079967,85.65,502.17749021513896,0
4426,United States,California,Long Beach,90815,33.797638,-118.11662,Male,No,No,No,37,Yes,Yes,Fiber optic,Yes,No,No,No,Yes,No,Month-to-month,Yes,Electronic check,91.15,3369.25,3194,0.4574834502968856,91.15,500.3953979347335,0
6551,United States,California,River Pines,95675,38.545775,-120.743325,Female,No,No,No,9,Yes,No,Fiber optic,Yes,No,No,No,No,No,Month-to-month,Yes,Electronic check,74.85,708.2,5770,0.5570140664961636,74.85,500.3100345268541,0
4550,United States,California,Julian,92036,32.980678,-116.262854,Female,No,Yes,No,24,Yes,Yes,Fiber optic,No,No,Yes,No,No,No,Month-to-month,Yes,Mailed check,79.65,1928.7,3816,0.522310442301297,79.65,499.22432075157974,0
3975,United States,California,La Grange,95329,37.666587,-120.411517,Male,Yes,Yes,No,60,Yes,Yes,Fiber optic,No,No,No,Yes,Yes,Yes,Month-to-month,Yes,Electronic check,99.0,6017.9,4763,0.41896934723622137,99.0,497.735584516631,0
725,United States,California,San Jose,95127,37.375156,-121.795867,Male,Yes,Yes,No,16,Yes,No,Fiber optic,No,Yes,No,No,No,No,Month-to-month,Yes,Credit card (automatic),74.3,1178.25,2076,0.5528321435146358,74.3,492.9051391576493,1
972,United States,California,Desert Hot Springs,92241,33.832799,-116.250973,Female,Yes,No,No,20,Yes,Yes,Fiber optic,Yes,No,No,No,No,No,Month-to-month,Yes,Electronic check,79.15,1520.9,4997,0.517051038777794,79.15,491.0950766311488,1
2071,United States,California,Ontario,91761,34.035602,-117.591528,Female,Yes,No,No,19,Yes,No,Fiber optic,Yes,Yes,No,Yes,Yes,Yes,Month-to-month,Yes,Mailed check,105.0,2007.25,3524,0.3880602563271305,105.0,488.9559229721844,0
3786,United States,California,San Mateo,94403,37.538309,-122.305109,Female,Yes,Yes,No,25,Yes,No,Fiber optic,No,Yes,Yes,No,No,Yes,Month-to-month,No,Bank transfer (automatic),88.4,2191.15,4849,0.45954813293429425,88.4,487.48865941669936,0
2739,United States,California,Woodbridge,95258,38.169605,-121.310964,Female,No,No,No,13,Yes,Yes,Fiber optic,Yes,No,No,No,No,No,Month-to-month,Yes,Credit card (automatic),80.0,1029.35,5577,0.5072471172091666,80.0,486.9572325207999,0
494,United States,California,North Hollywood,91601,34.1692,-118.372498,Female,No,No,No,16,Yes,Yes,Fiber optic,No,No,No,No,No,No,Month-to-month,No,Electronic check,72.65,1194.3,2850,0.5570140664961636,72.65,485.6048631713555,1
162,United States,California,Earlimart,93219,35.858054,-119.305858,Female,No,No,No,3,Yes,No,Fiber optic,No,No,No,No,No,No,Month-to-month,Yes,Bank transfer (automatic),69.55,222.3,2876,0.580592542973595,69.55,484.56253636576236,1
4427,United States,California,Long Beach,90822,33.778436,-118.118648,Female,No,Yes,No,31,Yes,No,Fiber optic,No,Yes,No,No,No,Yes,Month-to-month,Yes,Bank transfer (automatic),83.85,2674.15,4283,0.4815219118353472,83.85,484.5073476887263,0
5546,United States,California,Los Angeles,90033,34.050198,-118.210946,Female,No,No,No,12,Yes,Yes,Fiber optic,No,No,No,Yes,No,No,Month-to-month,Yes,Credit card (automatic),79.55,958.25,3445,0.5072471172091666,79.55,484.21809808787043,0
5225,United States,California,Cazadero,95421,38.578807,-123.19338,Male,No,No,No,20,Yes,No,Fiber optic,Yes,Yes,Yes,Yes,Yes,Yes,Month-to-month,Yes,Bank transfer (automatic),108.2,2203.7,2102,0.3720602563271305,108.2,483.0830368151462,0
2189,United States,California,Yucca Valley,92284,34.159534,-116.425984,Male,No,No,No,18,Yes,Yes,Fiber optic,No,No,No,No,No,No,Month-to-month,Yes,Bank transfer (automatic),75.6,1395.05,4030,0.531285578747628,75.6,481.9822770398481,0
762,United States,California,Eldridge,95431,38.348884,-122.51699,Female,No,No,No,1,Yes,No,Fiber optic,No,No,Yes,No,No,No,Month-to-month,No,Bank transfer (automatic),73.5,73.5,4378,0.5458066361556064,73.5,481.4014530892449,1
2629,United States,California,Oakland,94621,37.750553,-122.197175,Female,Yes,Yes,No,45,Yes,No,Fiber optic,No,No,Yes,No,No,Yes,Month-to-month,Yes,Electronic check,86.1,3861.45,2701,0.4644345253329784,86.1,479.85375157403325,0
638,United States,California,Five Points,93624,36.397745,-120.119911,Male,No,Yes,No,28,Yes,Yes,Fiber optic,Yes,Yes,No,No,Yes,Yes,One year,No,Electronic check,106.1,2847.4,3770,0.3720602563271305,106.1,473.7071183557025,1
4707,United States,California,Newport Coast,92657,33.603282,-117.821841,Male,No,Yes,No,61,Yes,Yes,Fiber optic,No,Yes,Yes,Yes,Yes,Yes,Month-to-month,Yes,Electronic check,114.1,7132.15,5239,0.3456378491406239,114.1,473.2473430433422,0
252,United States,California,Pleasanton,94566,37.633361,-121.862395,Female,Yes,Yes,No,33,Yes,Yes,Fiber optic,No,Yes,No,No,No,No,Month-to-month,Yes,Bank transfer (automatic),80.6,2656.5,3601,0.4885945614079967,80.6,472.56865979381433,1
6169,United States,California,Millbrae,94030,37.601248,-122.403099,Female,No,No,No,13,Yes,Yes,DSL,Yes,No,Yes,No,Yes,Yes,Month-to-month,Yes,Electronic check,78.75,995.35,5631,0.49960704929745176,78.75,472.1286615860919,0
5060,United States,California,Oakland,94621,37.750553,-122.197175,Female,No,No,No,7,Yes,No,Fiber optic,No,No,No,No,No,No,Month-to-month,Yes,Mailed check,69.9,497.3,4562,0.5586475762604315,69.9,468.59358696724996,0
601,United States,California,Santa Barbara,93101,34.419203,-119.710008,Male,Yes,Yes,No,66,Yes,Yes,Fiber optic,No,No,Yes,No,Yes,Yes,Month-to-month,Yes,Credit card (automatic),99.5,6822.15,4479,0.3920602563271305,99.5,468.1199460545938,1
3828,United States,California,Suisun City,94585,38.197907,-122.017258,Female,No,No,No,15,Yes,Yes,Fiber optic,Yes,No,Yes,No,No,No,Month-to-month,Yes,Credit card (automatic),84.35,1302.65,3314,0.4623971738898545,84.35,468.03841941131077,0
4434,United States,California,Sierra Madre,91024,34.168686,-118.057505,Female,Yes,No,No,56,Yes,Yes,Fiber optic,No,Yes,Yes,No,Yes,Yes,Month-to-month,No,Electronic check,104.75,5841.35,5128,0.3720602563271305,104.75,467.6797422032031,0
1268,United States,California,Anderson,96007,40.448632,-122.306657,Female,Yes,No,No,37,Yes,Yes,Fiber optic,No,No,No,No,No,No,Month-to-month,Yes,Electronic check,76.25,2841.55,5859,0.5092844686522906,76.25,465.9952888168459,1
1010,United States,California,Temecula,92592,33.507255,-117.029473,Male,Yes,Yes,No,25,Yes,Yes,Fiber optic,Yes,No,No,No,No,Yes,One year,Yes,Electronic check,89.05,2177.45,2673,0.4312860627787433,89.05,460.87228668536505,1
2885,United States,California,Ione,95640,38.33788,-120.954202,Male,No,No,No,2,Yes,No,Fiber optic,No,No,No,No,No,No,Month-to-month,No,Mailed check,70.7,129.2,2388,0.5431268517593795,70.7,460.78882103265755,0
2432,United States,California,Bishop,93514,37.04584,-118.397236,Female,Yes,No,No,3,Yes,No,Fiber optic,No,No,Yes,No,No,No,Month-to-month,No,Mailed check,75.05,202.9,3545,0.5106131761151973,75.05,459.8582264093467,0
3227,United States,California,Glendale,91208,34.195386,-118.238508,Male,Yes,No,No,54,Yes,Yes,Fiber optic,No,Yes,No,No,No,Yes,Month-to-month,Yes,Electronic check,90.05,4931.8,5232,0.4255563956290998,90.05,459.8562411168052,0
5162,United States,California,Copperopolis,95228,37.943954,-120.67108,Male,No,Yes,No,18,Yes,No,Fiber optic,No,No,Yes,Yes,No,No,Month-to-month,No,Electronic check,78.2,1468.75,2831,0.4885945614079967,78.2,458.4971364252641,0
2286,United States,California,San Clemente,92673,33.4725,-117.584273,Male,No,No,No,11,Yes,No,Fiber optic,No,No,No,No,No,No,Month-to-month,No,Electronic check,70.2,760.05,2535,0.5431268517593795,70.2,457.53005992210126,0
280,United States,California,Tomales,94971,38.240769,-122.901041,Female,No,No,No,2,Yes,No,Fiber optic,No,No,No,No,No,No,Month-to-month,No,Bank transfer (automatic),69.75,144.55,5667,0.5458066361556064,69.75,456.8401544622426,1
2828,United States,California,Westport,95488,39.724433,-123.767578,Female,Yes,No,No,20,Yes,No,Fiber optic,No,No,No,No,Yes,No,Month-to-month,No,Bank transfer (automatic),80.7,1614.2,3111,0.4713723103361856,80.7,456.4769453295621,0
452,United States,California,Hawthorne,90250,33.914775,-118.348083,Male,No,No,No,1,Yes,Yes,DSL,No,No,No,No,Yes,No,Month-to-month,Yes,Electronic check,59.85,59.85,4017,0.6353209447961337,59.85,456.2875025525832,1
1546,United States,California,Sunnyvale,94089,37.421633,-122.009613,Female,No,No,No,2,Yes,No,Fiber optic,No,No,No,No,No,No,Month-to-month,No,Bank transfer (automatic),70.0,153.05,2928,0.5424405772495755,70.0,455.6500848896434,1
5237,United States,California,Graton,95444,38.434362,-122.86891,Female,No,Yes,No,20,Yes,No,Fiber optic,No,No,No,No,No,No,Month-to-month,Yes,Bank transfer (automatic),69.8,1540.35,5456,0.5424405772495755,69.8,454.3482275042444,0
4069,United States,California,Mad River,95552,40.390301,-123.412327,Male,No,No,No,24,Yes,No,Fiber optic,No,Yes,Yes,Yes,No,No,Month-to-month,Yes,Electronic check,85.95,2107.15,5421,0.4398363914733562,85.95,453.64725416561964,0
2066,United States,California,La Verne,91750,34.144703,-117.770299,Male,Yes,Yes,No,57,Yes,Yes,Fiber optic,No,Yes,No,No,No,Yes,Month-to-month,Yes,Electronic check,89.85,4925.35,4429,0.41896934723622137,89.85,451.73275019009384,0
1424,United States,California,Rialto,92377,34.156758,-117.404686,Male,No,No,No,10,Yes,Yes,DSL,No,No,No,No,Yes,Yes,Month-to-month,Yes,Credit card (automatic),72.15,794.25,2457,0.5216081593927894,72.15,451.6083444022771,1
4130,United States,California,Sloughhouse,95683,38.470423,-121.114897,Female,No,No,No,21,Yes,No,Fiber optic,No,No,No,No,No,No,Month-to-month,Yes,Electronic check,68.65,1493.2,2006,0.5431268517593795,68.65,447.42790047937683,0
709,United States,California,Novato,94949,38.067204,-122.524004,Female,No,Yes,No,28,Yes,No,Fiber optic,No,No,No,No,Yes,Yes,One year,Yes,Bank transfer (automatic),90.1,2598.95,5958,0.41363900395521397,90.1,447.22649107637733,1
1357,United States,California,Panorama City,91402,34.223768,-118.445461,Male,No,No,No,3,Yes,No,DSL,No,No,No,Yes,Yes,Yes,Month-to-month,Yes,Electronic check,69.35,191.35,3520,0.5354406964720233,69.35,445.5937476040177,1
5260,United States,California,Sebastopol,95472,38.398815,-122.861923,Male,No,No,No,18,Yes,Yes,Fiber optic,No,No,Yes,No,Yes,No,One year,Yes,Credit card (automatic),89.6,1633.0,2269,0.41363900395521397,89.6,444.74465705264606,0
5644,United States,California,Arcadia,91007,34.128284,-118.047732,Female,No,No,No,5,Yes,No,Fiber optic,No,No,No,Yes,No,No,Month-to-month,Yes,Mailed check,75.65,399.45,2296,0.4885945614079967,75.65,443.5461428461794,0
2101,United States,California,Spring Valley,91978,32.730264,-116.950963,Female,No,No,No,22,Yes,No,Fiber optic,Yes,No,No,Yes,No,Yes,Month-to-month,Yes,Electronic check,89.05,1886.25,5479,0.415010045021006,89.05,443.479734109447,0
4304,United States,California,Wendel,96136,40.345949,-120.081187,Female,No,No,No,5,Yes,Yes,DSL,No,Yes,No,No,No,Yes,Month-to-month,Yes,Electronic check,64.0,370.25,4421,0.5742879857024004,64.0,441.0531730194435,0
4718,United States,California,Mission Viejo,92691,33.611945,-117.665867,Male,No,Yes,No,50,Yes,Yes,Fiber optic,No,Yes,No,No,Yes,Yes,One year,Yes,Electronic check,98.25,4858.7,5154,0.3703211258923479,98.25,436.6086074270782,0
6630,United States,California,Maxwell,95955,39.281194,-122.226568,Male,No,No,No,18,Yes,Yes,Fiber optic,No,No,No,No,No,No,Month-to-month,No,Mailed check,74.15,1387.0,2643,0.4885945614079967,74.15,434.75144074083545,0
440,United States,California,Los Angeles,90014,34.043144,-118.251977,Female,No,No,No,46,Yes,Yes,Fiber optic,No,No,No,No,Yes,Yes,Month-to-month,No,Bank transfer (automatic),96.05,4399.5,2712,0.3744131975036011,96.05,431.54865144265057,1
2394,United States,California,Bakersfield,93306,35.449881,-118.841442,Male,No,No,No,35,Yes,Yes,Fiber optic,No,No,No,No,Yes,No,Month-to-month,No,Electronic check,83.15,2848.45,2332,0.4312860627787433,83.15,430.33723344063014,0
3853,United States,California,Richmond,94804,37.921034,-122.341798,Male,No,No,No,28,Yes,No,Fiber optic,No,No,Yes,Yes,No,Yes,Month-to-month,No,Electronic check,91.0,2626.15,2448,0.3901939988732442,91.0,426.0918467695826,0
3369,United States,California,Cabazon,92230,33.929812,-116.76058,Male,Yes,No,No,16,Yes,No,Fiber optic,No,No,No,No,No,No,Month-to-month,No,Electronic check,69.65,1043.3,5610,0.5072471172091666,69.65,423.9571405634215,0
2945,United States,California,Sacramento,95829,38.486502,-121.334051,Male,No,Yes,No,22,Yes,Yes,Fiber optic,Yes,No,No,Yes,Yes,No,Month-to-month,No,Credit card (automatic),95.9,2234.95,3207,0.3680602563271305,95.9,423.56374298126184,0
18,United States,California,Beverly Hills,90211,34.063947,-118.383001,Female,No,No,Yes,9,Yes,Yes,Fiber optic,No,No,No,No,Yes,Yes,Month-to-month,No,Electronic check,94.4,857.25,5571,0.3720602563271305,94.4,421.4698583673735,1
2536,United States,California,Redwood City,94062,37.410567,-122.297152,Male,No,No,No,30,Yes,Yes,Fiber optic,Yes,Yes,No,No,No,Yes,Month-to-month,Yes,Credit card (automatic),94.3,2679.7,4219,0.3720602563271305,94.3,421.02338605978093,0
2897,United States,California,Pine Grove,95665,38.400264,-120.641274,Female,No,No,No,24,Yes,Yes,Fiber optic,Yes,No,No,Yes,No,No,Month-to-month,Yes,Electronic check,84.35,1938.05,2198,0.41377454204141617,84.35,418.8225914543214,0
5135,United States,California,San Jose,95121,37.304681,-121.809955,Male,No,No,No,30,Yes,No,Fiber optic,No,Yes,No,No,Yes,Yes,One year,Yes,Bank transfer (automatic),97.0,3021.3,4126,0.35872692299379716,97.0,417.5581383647799,0
1676,United States,California,Lotus,95651,38.815515,-120.916997,Female,Yes,Yes,No,38,Yes,Yes,Fiber optic,No,No,No,No,No,No,Month-to-month,Yes,Bank transfer (automatic),74.95,2869.85,5165,0.4623971738898545,74.95,415.88001819653516,1
1513,United States,California,Lake Hughes,93532,34.659579,-118.584212,Male,No,No,No,32,Yes,Yes,Fiber optic,Yes,Yes,No,Yes,Yes,Yes,Month-to-month,Yes,Credit card (automatic),108.15,3432.9,2541,0.31904532585818723,108.15,414.05702389875535,1
1609,United States,California,San Jose,95135,37.28682,-121.723877,Female,No,No,No,1,Yes,No,DSL,No,No,No,No,No,Yes,Month-to-month,Yes,Electronic check,55.4,55.4,2294,0.6217347035199622,55.4,413.3292309000709,1
6572,United States,California,Twin Bridges,95735,38.805481,-120.13287,Male,No,No,No,26,Yes,Yes,Fiber optic,Yes,Yes,No,No,Yes,No,Month-to-month,Yes,Credit card (automatic),92.4,2349.8,5461,0.3720602563271305,92.4,412.54041221552234,0
1812,United States,California,Chino,91710,33.990646,-117.663025,Female,No,No,No,54,Yes,Yes,Fiber optic,No,Yes,Yes,Yes,Yes,Yes,Month-to-month,No,Electronic check,111.1,6014.85,5527,0.30437064548562803,111.1,405.7869445614392,1
4232,United States,California,Canby,96015,41.486953,-120.913975,Male,No,No,No,1,Yes,No,DSL,No,No,No,No,No,Yes,Month-to-month,Yes,Electronic check,55.25,55.25,3255,0.6056605347220082,55.25,401.55293452069145,0
1358,United States,California,Van Nuys,91411,34.17847,-118.459472,Female,Yes,Yes,No,34,Yes,Yes,Fiber optic,No,Yes,No,No,No,No,Month-to-month,Yes,Mailed check,79.6,2718.3,3980,0.41896934723622137,79.6,400.1995204800386,1
3024,United States,California,Gerber,96035,40.03194,-122.176023,Female,No,Yes,No,10,Yes,No,DSL,No,No,Yes,No,Yes,Yes,Month-to-month,Yes,Credit card (automatic),67.8,653.15,2709,0.4906319128511207,67.8,399.1781242956718,0
3200,United States,California,Long Beach,90802,33.752524,-118.210737,Male,No,No,No,22,Yes,No,Fiber optic,No,No,No,No,No,No,Month-to-month,Yes,Mailed check,69.7,1490.4,4838,0.4762778458654747,69.7,398.3587902818831,0
6137,United States,California,Fresno,93710,36.822715,-119.761826,Male,No,Yes,No,19,Yes,Yes,Fiber optic,Yes,Yes,No,Yes,No,No,Month-to-month,Yes,Credit card (automatic),88.8,1672.35,4600,0.3703211258923479,88.8,394.6141917508859,0
1527,United States,California,Tranquillity,93668,36.635661,-120.288644,Female,No,No,No,36,Yes,No,Fiber optic,No,No,Yes,Yes,No,Yes,Month-to-month,Yes,Electronic check,87.55,3078.1,2558,0.3731429096412836,87.55,392.0239408691325,1
6420,United States,California,Tracy,95376,37.680968,-121.446049,Male,No,Yes,No,50,Yes,Yes,Fiber optic,Yes,No,Yes,No,Yes,Yes,One year,Yes,Electronic check,103.95,5231.3,4363,0.3125187936337762,103.95,389.8359431787725,0
250,United States,California,Napa,94558,38.489789,-122.27011,Male,Yes,Yes,No,62,Yes,Yes,Fiber optic,No,Yes,Yes,No,Yes,Yes,One year,Yes,Electronic check,103.75,6383.35,5052,0.3125187936337762,103.75,389.08589807405144,1
4630,United States,California,Grand Terrace,92313,34.029175,-117.307211,Female,No,No,No,41,Yes,Yes,Fiber optic,Yes,Yes,Yes,Yes,Yes,No,Month-to-month,Yes,Electronic check,106.5,4282.4,4434,0.30437064548562803,106.5,388.9856849306326,0
717,United States,California,San Juan Bautista,95045,36.810568,-121.503022,Male,No,No,No,4,No,No phone service,DSL,No,No,No,No,Yes,Yes,Month-to-month,Yes,Electronic check,44.55,174.3,5605,0.7254949609396317,44.55,387.8496061183271,1
784,United States,California,Citrus Heights,95610,38.69508,-121.271616,Female,Yes,No,No,32,Yes,No,Fiber optic,No,Yes,No,No,No,No,Month-to-month,Yes,Electronic check,74.4,2276.95,2091,0.4312860627787433,74.4,385.0521968488621,1
1253,United States,California,Chico,95928,39.681488,-121.83721,Female,Yes,Yes,No,65,Yes,Yes,Fiber optic,No,Yes,Yes,No,Yes,Yes,One year,Yes,Electronic check,106.25,6979.8,5965,0.3015898318851423,106.25,384.5270356535565,1
414,United States,California,Klamath River,96050,41.816595,-122.948287,Female,No,Yes,No,17,Yes,No,Fiber optic,No,No,Yes,Yes,Yes,Yes,One year,No,Bank transfer (automatic),98.6,1704.95,5160,0.32287109715681145,98.6,382.02108215593927,1
2111,United States,California,Escondido,92027,33.141265,-116.967221,Female,No,Yes,No,52,Yes,Yes,Fiber optic,No,Yes,No,Yes,Yes,Yes,Month-to-month,Yes,Credit card (automatic),102.7,5138.1,4044,0.3074511229596365,102.7,378.90276393545605,0
1850,United States,California,San Diego,92115,32.762506,-117.07245,Female,Yes,No,No,56,Yes,Yes,Fiber optic,No,Yes,Yes,Yes,Yes,Yes,One year,Yes,Electronic check,111.95,6418.9,4060,0.2815717650378072,111.95,378.2635091517902,1
493,United States,California,Burbank,91502,34.177267,-118.31003,Female,Yes,Yes,No,35,Yes,Yes,Fiber optic,Yes,Yes,No,Yes,Yes,No,Month-to-month,Yes,Bank transfer (automatic),100.5,3653.35,4745,0.3104095728754967,100.5,374.353944887849,1
797,United States,California,Orangevale,95662,38.689174,-121.218435,Female,No,Yes,No,32,Yes,No,Fiber optic,No,Yes,No,No,No,Yes,Month-to-month,No,Bank transfer (automatic),84.15,2585.95,4017,0.3703211258923479,84.15,373.9502729260929,1
582,United States,California,Newport Beach,92661,33.601309,-117.902304,Male,Yes,Yes,No,57,Yes,Yes,Fiber optic,No,Yes,Yes,No,No,Yes,Month-to-month,Yes,Bank transfer (automatic),95.25,5427.05,6259,0.3259515746308199,95.25,372.56264980302717,1
3985,United States,California,Mi Wuk Village,95346,38.121601,-120.133915,Male,Yes,No,No,67,Yes,Yes,Fiber optic,No,No,Yes,No,Yes,Yes,Month-to-month,Yes,Credit card (automatic),101.4,6841.05,5269,0.30437064548562803,101.4,370.3582014269122,0
4757,United States,California,Oak View,93022,34.404544,-119.302118,Male,Yes,Yes,No,67,Yes,Yes,Fiber optic,No,No,No,No,Yes,Yes,Month-to-month,Yes,Credit card (automatic),94.65,6079.0,4228,0.32411299653232695,94.65,368.12754146141697,0
3925,United States,California,San Jose,95136,37.270938,-121.851046,Female,No,No,No,25,Yes,Yes,Fiber optic,No,Yes,Yes,Yes,Yes,Yes,Two year,No,Electronic check,108.9,2809.05,4398,0.2815717650378072,108.9,367.9579825514064,0
5173,United States,California,Wilseyville,95257,38.392686,-120.415951,Female,No,No,No,3,Yes,No,DSL,No,No,No,No,Yes,No,Month-to-month,Yes,Electronic check,54.2,140.4,3167,0.5640395738551931,54.2,366.8513388354176,0
3074,United States,California,Sierraville,96126,39.559709,-120.345639,Female,No,No,No,3,Yes,No,DSL,No,No,Yes,No,Yes,Yes,One year,Yes,Electronic check,69.95,220.45,2754,0.4312860627787433,69.95,362.02152109647716,0
3576,United States,California,Lemoore,93245,36.303666,-119.825657,Male,No,Yes,Yes,11,Yes,No,Fiber optic,No,No,No,No,Yes,Yes,Month-to-month,No,Electronic check,90.6,1020.2,2004,0.332932604441118,90.6,361.9643275483835,0
5046,United States,California,Vallejo,94591,38.105733,-122.186338,Male,No,No,No,25,Yes,No,Fiber optic,No,No,No,No,No,No,Month-to-month,No,Electronic check,69.75,1729.35,3080,0.4312860627787433,69.75,360.98643454580815,0
12,United States,California,Los Angeles,90041,34.137412,-118.207607,Male,No,No,Yes,34,Yes,Yes,Fiber optic,No,Yes,Yes,No,Yes,Yes,Month-to-month,Yes,Electronic check,106.35,3549.25,2941,0.2815717650378072,106.35,359.3418865412495,1
140,United States,California,Newport Beach,92661,33.601309,-117.902304,Male,No,No,No,32,Yes,Yes,Fiber optic,No,Yes,No,No,No,No,Month-to-month,Yes,Bank transfer (automatic),80.35,2596.15,5974,0.3720602563271305,80.35,358.74049915061926,1
4635,United States,California,Death Valley,92328,36.27688,-117.033326,Male,No,Yes,No,60,Yes,Yes,Fiber optic,Yes,No,Yes,Yes,Yes,Yes,Month-to-month,Yes,Bank transfer (automatic),109.45,6572.85,4350,0.27215861562465776,109.45,357.4531257614255,0
3437,United States,California,San Bernardino,92401,34.105935,-117.2914,Male,No,No,Yes,15,Yes,Yes,Fiber optic,No,Yes,No,No,Yes,No,Month-to-month,Yes,Electronic check,91.0,1430.05,4602,0.3271934740063354,91.0,357.2952736149183,0
4683,United States,California,Perris,92571,33.828289,-117.201666,Female,No,Yes,Yes,6,Yes,Yes,Fiber optic,No,Yes,Yes,No,Yes,No,Month-to-month,Yes,Mailed check,94.05,518.75,3083,0.3155992711077847,94.05,356.1853373722458,0
6368,United States,California,French Camp,95231,37.873283,-121.292034,Male,No,No,No,8,Yes,No,DSL,No,Yes,No,Yes,Yes,No,Month-to-month,Yes,Electronic check,66.65,520.95,3804,0.44516673475436364,66.65,356.0443544565401,0
4747,United States,California,Corona,92879,33.893823,-117.531446,Male,No,No,No,19,Yes,No,Fiber optic,No,No,Yes,Yes,Yes,No,Month-to-month,No,Mailed check,89.95,1682.4,3402,0.3293976293812225,89.95,355.5518011540916,0
2860,United States,California,Piercy,95587,39.955587,-123.681175,Female,No,Yes,No,57,Yes,Yes,Fiber optic,No,No,Yes,No,Yes,Yes,One year,Yes,Credit card (automatic),100.75,5985.0,6354,0.29344168373699414,100.75,354.77099563802597,0
6039,United States,California,Avila Beach,93424,35.186644,-120.728305,Male,Yes,Yes,No,43,Yes,No,Fiber optic,No,Yes,Yes,No,Yes,Yes,One year,Yes,Bank transfer (automatic),100.55,4304.0,4499,0.29344168373699414,100.55,354.0667355970571,0
2987,United States,California,Orland,95963,39.748037,-122.302169,Male,No,Yes,No,56,Yes,Yes,Fiber optic,Yes,No,No,No,Yes,Yes,One year,Yes,Electronic check,100.55,5514.95,4847,0.29344168373699414,100.55,354.0667355970571,0
5009,United States,California,Brentwood,94513,37.908242,-121.682472,Male,No,Yes,Yes,22,Yes,Yes,Fiber optic,No,No,Yes,No,Yes,No,Month-to-month,Yes,Electronic check,88.75,1885.15,5585,0.3299515746308199,88.75,351.3984269818232,0
2288,United States,California,Silverado,92676,33.782346,-117.635263,Male,No,Yes,No,56,Yes,Yes,Fiber optic,No,Yes,No,Yes,Yes,Yes,One year,Yes,Electronic check,107.25,6033.3,5800,0.27215861562465776,107.25,350.2681383089345,0
4659,United States,California,Yucaipa,92399,34.04597,-117.011825,Female,No,No,No,58,Yes,No,Fiber optic,No,No,No,Yes,Yes,Yes,Month-to-month,Yes,Electronic check,95.3,5817.7,6460,0.30437064548562803,95.3,348.0782701773642,0
1169,United States,California,Hathaway Pines,95233,38.184914,-120.364085,Male,No,No,No,12,Yes,No,Fiber optic,Yes,No,Yes,No,No,No,Month-to-month,No,Bank transfer (automatic),81.7,858.6,2850,0.35472692299379716,81.7,347.77427530311877,1
2379,United States,California,Strathmore,93267,36.141319,-119.129075,Female,Yes,No,No,40,Yes,Yes,Fiber optic,No,No,Yes,Yes,Yes,Yes,One year,Yes,Credit card (automatic),103.75,4188.4,3568,0.279006688187016,103.75,347.3633267928349,0
389,United States,California,Arbuckle,95912,38.982373,-122.047751,Male,No,Yes,No,61,Yes,Yes,Fiber optic,Yes,Yes,No,No,Yes,Yes,One year,Yes,Electronic check,106.0,6547.7,4334,0.27215861562465776,106.0,346.18575907456466,1
5243,United States,California,Kelseyville,95451,38.93496,-122.792243,Female,Yes,Yes,No,62,Yes,Yes,Fiber optic,Yes,No,Yes,No,Yes,Yes,One year,Yes,Electronic check,104.85,6312.9,5061,0.2734511326314605,104.85,344.0562150769036,0
4602,United States,California,Holtville,92250,32.811001,-115.152865,Male,No,No,No,26,Yes,Yes,Fiber optic,No,No,Yes,Yes,No,No,Month-to-month,Yes,Mailed check,84.3,2281.6,5471,0.3392849079641533,84.3,343.22061289653743,0
6819,United States,California,Buena Park,90621,33.874224,-117.993368,Female,Yes,Yes,No,13,No,No phone service,DSL,No,No,No,No,Yes,Yes,Month-to-month,No,Electronic check,45.3,528.45,4118,0.6298120857166197,45.3,342.3658497955545,0
102,United States,California,Holtville,92250,32.811001,-115.152865,Male,No,Yes,No,69,Yes,Yes,Fiber optic,No,No,Yes,No,Yes,Yes,Month-to-month,Yes,Credit card (automatic),99.45,7007.6,4020,0.2847692750645855,99.45,339.84365286207634,1
134,United States,California,Sun City,92586,33.707483,-117.200006,Female,No,No,No,23,Yes,Yes,Fiber optic,No,No,No,No,No,No,Month-to-month,No,Bank transfer (automatic),75.6,1758.6,2115,0.3744131975036011,75.6,339.66765277526684,1
6365,United States,California,Clements,95227,38.227285,-121.02789,Female,No,No,No,40,Yes,Yes,Fiber optic,No,No,No,No,No,Yes,Month-to-month,No,Bank transfer (automatic),83.85,3532.25,4294,0.3375457775293707,83.85,339.6385613500528,0
144,United States,California,Anaheim,92806,33.83796,-117.870494,Female,No,No,No,1,Yes,No,Fiber optic,Yes,No,No,No,No,No,Month-to-month,No,Mailed check,75.3,75.3,3244,0.3744131975036011,75.3,338.31976526425393,1
5821,United States,California,Earp,92242,34.137742,-114.36514,Male,No,No,No,48,Yes,Yes,Fiber optic,Yes,No,No,Yes,No,Yes,Month-to-month,Yes,Electronic check,95.4,4445.3,4334,0.2949574960724787,95.4,337.6673415037736,0
4783,United States,California,Glennville,93226,35.735694,-118.738483,Female,No,No,No,3,Yes,No,DSL,No,No,Yes,No,Yes,No,Month-to-month,No,Electronic check,57.55,161.45,4099,0.4885945614079967,57.55,337.4234041083625,0
6434,United States,California,Cazadero,95421,38.578807,-123.19338,Male,No,Yes,No,52,Yes,Yes,Fiber optic,No,Yes,No,Yes,No,Yes,Month-to-month,Yes,Credit card (automatic),95.65,5088.4,4465,0.29344168373699414,95.65,336.8123645933219,0
3551,United States,California,Santa Barbara,93109,34.406256,-119.726936,Male,Yes,Yes,No,8,Yes,No,DSL,No,No,Yes,Yes,No,Yes,Month-to-month,Yes,Credit card (automatic),64.4,581.7,4537,0.4312860627787433,64.4,333.29786931541287,0
63,United States,California,La Puente,91746,34.038983,-117.991372,Male,Yes,No,No,3,No,No phone service,DSL,No,No,Yes,No,No,Yes,Month-to-month,Yes,Electronic check,41.15,132.2,2314,0.6740929054803146,41.15,332.86707672617933,1
6537,United States,California,Madison,95653,38.674276,-121.961866,Female,Yes,No,No,2,Yes,Yes,DSL,No,Yes,No,No,No,No,Month-to-month,Yes,Credit card (automatic),56.55,118.25,2069,0.4885945614079967,56.55,331.5602693714665,0
4354,United States,California,Beverly Hills,90211,34.063947,-118.383001,Female,No,No,No,46,Yes,Yes,Fiber optic,No,Yes,Yes,No,No,Yes,One year,Yes,Electronic check,94.15,4408.45,3924,0.2929174232127337,94.15,330.9381047457465,0
3777,United States,California,San Francisco,94132,37.722302,-122.491129,Female,Yes,No,Yes,30,Yes,Yes,Fiber optic,No,No,No,Yes,Yes,Yes,Month-to-month,Yes,Electronic check,101.3,2974.5,2440,0.27215861562465776,101.3,330.83601315333397,0
6282,United States,California,Bodega Bay,94923,38.377165,-123.037957,Male,No,No,No,35,Yes,Yes,Fiber optic,Yes,No,Yes,Yes,Yes,Yes,Two year,Yes,Electronic check,108.95,4025.5,5903,0.2527927927927928,108.95,330.50129729729736,0
605,United States,California,Alpaugh,93201,35.869626,-119.498771,Female,No,Yes,No,13,No,No phone service,DSL,No,No,Yes,No,Yes,Yes,Month-to-month,Yes,Bank transfer (automatic),48.75,633.4,2655,0.5640395738551931,48.75,329.96315070528794,1
528,United States,California,San Diego,92103,32.747484,-117.166877,Female,No,Yes,No,49,Yes,Yes,Fiber optic,No,Yes,No,No,Yes,Yes,One year,No,Mailed check,100.45,4941.8,4235,0.2728993563653985,100.45,328.9528841628514,1
2639,United States,California,San Pablo,94806,37.980269,-122.342635,Female,No,No,No,13,No,No phone service,DSL,No,No,Yes,No,Yes,Yes,Month-to-month,No,Electronic check,49.15,649.4,3000,0.5536480075901328,49.15,326.54159487666027,0
2929,United States,California,Roseville,95747,38.784329,-121.373245,Female,Yes,Yes,No,58,Yes,Yes,Fiber optic,No,Yes,No,No,Yes,Yes,One year,Yes,Bank transfer (automatic),97.8,5458.8,6019,0.2772029063832342,97.8,325.3253309313636,0
2273,United States,California,Costa Mesa,92627,33.645672,-117.922613,Female,No,No,No,11,Yes,Yes,DSL,No,No,No,No,No,Yes,Month-to-month,Yes,Mailed check,58.95,601.6,3880,0.4574834502968856,58.95,323.6237927400169,0
5081,United States,California,Inverness,94937,38.099323,-122.945723,Female,No,Yes,No,6,Yes,Yes,DSL,No,No,No,No,No,No,Month-to-month,No,Electronic check,50.35,314.55,3442,0.530712988061404,50.35,320.65678738670033,0
4034,United States,California,Lucerne,95458,39.141934,-122.770679,Female,Yes,No,Yes,33,Yes,Yes,Fiber optic,No,Yes,Yes,No,Yes,Yes,Month-to-month,Yes,Bank transfer (automatic),105.35,3465.05,4738,0.2527927927927928,105.35,319.58064864864866,0
810,United States,California,Weimar,95736,39.00978,-120.978273,Male,No,No,No,1,Yes,No,DSL,No,No,No,No,Yes,No,Month-to-month,Yes,Mailed check,53.5,53.5,5094,0.49756969785432775,53.5,319.4397460224784,1
931,United States,California,Rowland Heights,91748,33.976753,-117.897367,Male,No,No,No,1,Yes,No,DSL,No,Yes,No,No,No,No,Month-to-month,Yes,Electronic check,50.75,50.75,5355,0.52276119316085,50.75,318.3615666349577,1
1698,United States,California,Bangor,95914,39.396585,-121.38029,Male,No,No,No,1,Yes,No,DSL,No,No,Yes,No,No,No,Month-to-month,Yes,Electronic check,50.5,50.5,2077,0.524347793744421,50.5,317.75476300911913,1
4543,United States,California,El Cajon,92019,32.785165,-116.862648,Male,Yes,Yes,No,37,Yes,No,Fiber optic,No,No,No,No,No,No,Month-to-month,Yes,Bank transfer (automatic),72.25,2575.45,4121,0.3663211258923479,72.25,317.60041614866566,0
2058,United States,California,Covina,91724,34.08111,-117.853935,Male,No,No,No,42,Yes,Yes,Fiber optic,Yes,Yes,Yes,No,No,Yes,One year,Yes,Electronic check,99.0,4298.45,2887,0.2673382473382474,99.0,317.5978378378379,0
791,United States,California,Herald,95638,38.313447,-121.123886,Female,Yes,Yes,No,50,Yes,No,Fiber optic,No,No,No,No,No,No,Month-to-month,Yes,Electronic check,71.05,3444.85,5746,0.3720602563271305,71.05,317.21857454451145,1
1340,United States,California,Long Beach,90802,33.752524,-118.210737,Female,Yes,Yes,No,40,Yes,No,Fiber optic,No,Yes,No,Yes,Yes,Yes,One year,Yes,Credit card (automatic),99.2,4062.2,5098,0.26509331937903363,99.2,315.5670873888016,1
4437,United States,California,Pasadena,91101,34.146635,-118.139225,Male,Yes,Yes,No,65,Yes,Yes,Fiber optic,Yes,No,No,No,Yes,Yes,One year,Yes,Electronic check,100.75,6674.65,4368,0.26097494215527,100.75,315.51870506572146,0
3934,United States,California,Stockton,95209,38.044523,-121.348048,Female,No,Yes,No,55,Yes,Yes,Fiber optic,Yes,No,No,No,Yes,No,Month-to-month,Yes,Bank transfer (automatic),89.8,4959.6,5875,0.29270094299625343,89.8,315.4145361727627,0
6154,United States,California,Monterey,93940,36.362741,-121.869685,Female,Yes,No,No,35,Yes,No,Fiber optic,No,No,No,No,No,No,Month-to-month,No,Electronic check,70.55,2419.0,5873,0.3720602563271305,70.55,314.98621300654867,0
5214,United States,California,Twain Harte,95383,38.107441,-120.230625,Male,No,Yes,No,17,No,No phone service,DSL,No,Yes,No,No,Yes,Yes,Month-to-month,Yes,Mailed check,49.8,836.35,5575,0.5252598979907137,49.8,313.8953150392505,0
2406,United States,California,Buellton,93427,34.631362,-120.238218,Male,No,No,No,46,Yes,Yes,Fiber optic,Yes,No,No,No,Yes,No,Month-to-month,Yes,Credit card (automatic),89.15,4245.55,5593,0.29270094299625343,89.15,313.1314688173919,0
5732,United States,California,San Gabriel,91776,34.089927,-118.095645,Female,No,Yes,No,40,Yes,Yes,Fiber optic,Yes,No,Yes,No,Yes,Yes,One year,No,Bank transfer (automatic),105.75,4228.55,4078,0.24523723723723725,105.75,311.20605405405405,0
5838,United States,California,Twentynine Palms,92278,34.457829,-116.139589,Female,No,Yes,No,56,Yes,Yes,Fiber optic,Yes,No,No,No,Yes,Yes,One year,Yes,Electronic check,98.0,5270.6,4615,0.2644952176428754,98.0,311.0463759480215,0
5592,United States,California,South Gate,90280,33.944624,-118.192615,Female,Yes,Yes,No,54,Yes,No,Fiber optic,No,No,Yes,Yes,Yes,Yes,One year,Yes,Electronic check,99.1,5437.1,4118,0.26097494215527,99.1,310.35140121104706,0
303,United States,California,Valley Springs,95252,38.156971,-120.849231,Male,No,Yes,No,60,Yes,No,Fiber optic,No,Yes,No,No,Yes,Yes,One year,Yes,Electronic check,94.4,5610.25,4990,0.27215861562465776,94.4,308.30127977961234,1
120,United States,California,Victorville,92392,34.486835,-117.362274,Female,No,No,No,15,Yes,No,Fiber optic,No,No,No,No,No,No,Month-to-month,No,Bank transfer (automatic),69.0,994.8,5671,0.3720602563271305,69.0,308.0658922388641,1
1307,United States,California,Los Angeles,90028,34.099869,-118.326843,Female,Yes,Yes,No,61,Yes,Yes,Fiber optic,No,Yes,Yes,No,Yes,Yes,One year,Yes,Credit card (automatic),104.4,6405.0,4412,0.24523723723723725,104.4,307.2332108108109,1
4868,United States,California,Lone Pine,93545,36.590415,-118.073839,Male,Yes,Yes,No,55,Yes,Yes,Fiber optic,No,No,No,No,No,No,Month-to-month,Yes,Electronic check,74.0,4052.4,4958,0.3456378491406239,74.0,306.926410036874,0
3505,United States,California,Santa Ana,92704,33.719869,-117.907063,Male,No,Yes,Yes,38,Yes,Yes,Fiber optic,No,No,Yes,No,Yes,Yes,Month-to-month,Yes,Credit card (automatic),101.15,3956.7,3738,0.2527927927927928,101.15,306.83989189189197,0
4685,United States,California,San Jacinto,92583,33.796568,-116.924723,Male,No,No,No,4,Yes,No,DSL,No,No,No,No,No,Yes,Month-to-month,Yes,Mailed check,55.3,238.5,3684,0.4574834502968856,55.3,303.5860176170133,0
297,United States,California,Stockton,95209,38.044523,-121.348048,Male,No,No,No,1,No,No phone service,DSL,No,No,No,No,No,Yes,Month-to-month,Yes,Electronic check,35.55,35.55,3958,0.7099996653870745,35.55,302.885857254126,1
3562,United States,California,Farmersville,93223,36.29878,-119.201028,Male,No,Yes,Yes,34,Yes,Yes,Fiber optic,No,Yes,No,No,Yes,Yes,Month-to-month,Yes,Bank transfer (automatic),97.7,3410.0,5789,0.256420910706625,97.7,300.6278757124471,0
1553,United States,California,San Francisco,94122,37.760412,-122.484966,Female,No,No,No,53,Yes,Yes,Fiber optic,Yes,No,Yes,No,Yes,Yes,One year,Yes,Credit card (automatic),106.95,5785.5,5550,0.23421977161107596,106.95,300.5976548856549,1
6725,United States,California,Tahoe City,96145,39.178337,-120.162806,Male,No,Yes,No,14,Yes,Yes,DSL,No,No,No,Yes,Yes,No,Month-to-month,Yes,Credit card (automatic),66.6,979.5,3516,0.3744131975036011,66.6,299.23102744487795,0
581,United States,California,Newport Coast,92657,33.603282,-117.821841,Male,No,Yes,No,67,Yes,Yes,Fiber optic,Yes,Yes,Yes,No,Yes,Yes,One year,Yes,Electronic check,111.3,7482.1,4146,0.22387301587301586,111.3,299.00479999999993,1
4201,United States,California,Maxwell,95955,39.281194,-122.226568,Male,No,No,No,19,Yes,Yes,DSL,No,No,No,No,Yes,Yes,Month-to-month,No,Mailed check,69.6,1394.55,3349,0.35645000732151566,69.6,297.7070461149298,0
482,United States,California,Northridge,91325,34.236683,-118.517588,Female,No,Yes,No,2,No,No phone service,DSL,No,No,No,No,No,Yes,Month-to-month,Yes,Electronic check,35.1,68.75,2643,0.7061535115409207,35.1,297.43185906103577,1
2732,United States,California,Mountain Ranch,95246,38.264262,-120.515133,Female,No,No,No,5,Yes,Yes,DSL,Yes,No,No,No,No,No,Month-to-month,Yes,Electronic check,53.8,283.95,2182,0.4574834502968856,53.8,295.3513155116693,0
3839,United States,California,Oakland,94605,37.758019,-122.138678,Male,Yes,Yes,No,33,Yes,No,Fiber optic,Yes,Yes,No,Yes,No,Yes,One year,Yes,Electronic check,93.55,3055.5,4414,0.2621197715639239,93.55,294.25565555766093,0
6677,United States,California,Mccloud,96057,41.251322,-122.105209,Female,No,Yes,No,26,Yes,No,DSL,No,Yes,No,Yes,Yes,Yes,Month-to-month,Yes,Electronic check,73.05,1959.5,2753,0.3352855456175886,73.05,293.91130928837816,0
6876,United States,California,Newbury Park,91320,34.172071,-118.946262,Male,No,Yes,Yes,5,Yes,No,Fiber optic,Yes,No,Yes,No,No,Yes,Month-to-month,Yes,Mailed check,90.35,434.5,4014,0.27096636525207957,90.35,293.78173320630464,0
365,United States,California,Jackson,95642,38.336216,-120.76901,Female,No,No,No,1,Yes,Yes,DSL,No,No,No,No,No,No,Month-to-month,Yes,Bank transfer (automatic),49.95,49.95,2041,0.4885945614079967,49.95,292.8635801079532,1
16,United States,California,Los Angeles,90063,34.044271,-118.185237,Female,Yes,Yes,Yes,8,Yes,Yes,Fiber optic,No,Yes,No,No,No,No,Month-to-month,Yes,Credit card (automatic),80.65,633.3,5302,0.3015898318851423,80.65,291.87863929844076,1
1641,United States,California,Clearlake,95422,38.965804,-122.631779,Male,Yes,No,No,46,Yes,No,Fiber optic,Yes,No,No,No,No,Yes,Month-to-month,No,Electronic check,85.0,3969.4,2097,0.2842760918045252,85.0,289.9616136406157,1
115,United States,California,Phelan,92371,34.441123,-117.537886,Female,No,Yes,No,13,Yes,No,DSL,No,No,No,No,No,Yes,Month-to-month,No,Electronic check,55.95,734.35,4498,0.4312860627787433,55.95,289.56546254964826,1
4313,United States,California,Los Angeles,90003,33.964131,-118.272783,Female,No,Yes,Yes,3,Yes,No,Fiber optic,No,Yes,No,Yes,No,No,Month-to-month,Yes,Electronic check,80.0,241.3,4264,0.3015898318851423,80.0,289.52623860973665,0
7028,United States,California,Pioneertown,92268,34.201108,-116.593456,Male,No,Yes,No,44,Yes,Yes,Fiber optic,Yes,No,Yes,No,No,No,Month-to-month,Yes,Credit card (automatic),84.8,3626.35,2770,0.2840285343238448,84.8,289.0274365279445,0
4780,United States,California,Exeter,93221,36.301689,-119.018233,Male,No,Yes,No,29,No,No phone service,DSL,No,No,No,No,Yes,Yes,Month-to-month,Yes,Electronic check,45.9,1332.4,5074,0.5236455108359133,45.9,288.423947368421,0
6954,United States,California,Spring Valley,91978,32.730264,-116.950963,Male,No,No,No,54,Yes,Yes,Fiber optic,No,No,Yes,No,No,Yes,Month-to-month,No,Credit card (automatic),89.4,4869.5,5871,0.2668971011828155,89.4,286.3272101489245,0
6025,United States,California,Visalia,93291,36.391777,-119.372842,Female,No,No,No,1,Yes,No,DSL,No,Yes,No,No,No,No,Month-to-month,Yes,Electronic check,48.6,48.6,3704,0.4906319128511207,48.6,286.1365315747736,0
6576,United States,California,El Dorado Hills,95762,38.684437,-121.055634,Female,No,No,No,55,Yes,Yes,Fiber optic,No,No,No,No,No,No,Month-to-month,Yes,Electronic check,73.1,4144.9,5832,0.32287109715681145,73.1,283.222526425955,0
399,United States,California,Oroville,95966,39.473896,-121.415927,Female,No,No,No,2,No,No phone service,DSL,Yes,Yes,No,No,No,Yes,Month-to-month,Yes,Electronic check,42.6,72.4,4648,0.5497355498079772,42.6,281.02481306183796,1
3409,United States,California,Death Valley,92328,36.27688,-117.033326,Female,No,Yes,No,40,Yes,Yes,Fiber optic,No,No,No,Yes,No,No,Month-to-month,Yes,Credit card (automatic),78.85,3126.85,5257,0.29344168373699414,78.85,277.6545211519438,0
6620,United States,California,Forest Ranch,95942,40.077028,-121.494168,Female,No,No,No,41,Yes,Yes,Fiber optic,Yes,No,No,No,No,No,Month-to-month,Yes,Credit card (automatic),81.3,3190.65,2299,0.2840285343238448,81.3,277.098238086343,0
6991,United States,California,San Diego,92116,32.765299,-117.122565,Female,Yes,Yes,No,53,Yes,No,Fiber optic,No,Yes,Yes,Yes,Yes,No,One year,Yes,Electronic check,94.0,4871.45,6355,0.24523723723723725,94.0,276.62760360360363,0
5850,United States,California,Colton,92324,34.030915,-117.273201,Female,No,No,No,33,Yes,No,Fiber optic,No,No,No,No,No,No,Month-to-month,Yes,Bank transfer (automatic),70.4,2406.1,4860,0.3259515746308199,70.4,275.36389024811666,0
1685,United States,California,Wheatland,95692,39.043387,-121.409837,Male,No,No,No,1,No,No phone service,DSL,No,Yes,No,Yes,No,Yes,Month-to-month,Yes,Mailed check,44.65,44.65,3704,0.5126330229464583,44.65,274.66877369471234,1
3424,United States,California,Nipton,92364,35.478736,-115.516984,Female,No,Yes,Yes,22,Yes,No,Fiber optic,No,No,No,No,No,Yes,Month-to-month,Yes,Electronic check,80.15,1790.65,4732,0.2847692750645855,80.15,273.8910887571183,0
1599,United States,California,Hollister,95023,36.875409,-121.279679,Male,No,No,No,3,No,No phone service,DSL,No,No,Yes,No,Yes,No,Month-to-month,Yes,Mailed check,40.15,130.75,4710,0.5666017111925965,40.15,272.98870445259297,1
881,United States,California,Los Angeles,90068,34.137411,-118.328915,Female,No,No,No,1,Yes,No,DSL,Yes,Yes,No,No,No,No,Month-to-month,Yes,Electronic check,54.9,54.9,2833,0.41363900395521397,54.9,272.50537580569494,1
3187,United States,California,Cerritos,90703,33.8681,-118.067402,Female,Yes,No,No,26,Yes,Yes,DSL,No,No,No,Yes,No,Yes,Month-to-month,Yes,Electronic check,66.05,1652.4,3225,0.3416378491406239,66.05,270.7821592288585,0
194,United States,California,Bass Lake,93604,37.458367,-119.345011,Female,No,No,No,1,Yes,No,DSL,No,No,No,Yes,No,No,Month-to-month,Yes,Electronic check,52.2,52.2,4138,0.4312860627787433,52.2,270.1575897246048,1
4643,United States,California,Highland,92346,34.129677,-117.154277,Male,No,No,No,15,Yes,Yes,DSL,No,No,No,No,No,No,Month-to-month,Yes,Electronic check,49.0,749.25,2597,0.4574834502968856,49.0,269.0002687745687,0
406,United States,California,Callahan,96014,41.388397,-122.794636,Male,No,No,No,1,Yes,No,DSL,No,No,No,No,No,No,Month-to-month,Yes,Mailed check,45.85,45.85,5930,0.4885945614079967,45.85,268.8247276866798,1
3869,United States,California,Nicasio,94946,38.065359,-122.665566,Male,Yes,Yes,No,41,No,No phone service,DSL,No,Yes,Yes,No,Yes,Yes,Month-to-month,Yes,Electronic check,53.95,2215.4,3920,0.41363900395521397,53.95,267.7898911606055,0
915,United States,California,Valencia,91355,34.43987,-118.644609,Male,No,No,No,3,Yes,No,DSL,No,No,No,No,No,No,Month-to-month,Yes,Electronic check,43.3,123.65,4849,0.5146703743895822,43.3,267.4227265328269,1
5712,United States,California,Covina,91724,34.08111,-117.853935,Female,No,No,No,37,Yes,Yes,Fiber optic,Yes,Yes,Yes,No,No,No,Month-to-month,No,Bank transfer (automatic),91.2,3382.3,5135,0.24412612612612614,91.2,267.17163243243243,0
3685,United States,California,Kingsburg,93631,36.478239,-119.52137,Male,Yes,Yes,No,57,Yes,No,Fiber optic,No,Yes,Yes,No,Yes,No,One year,Yes,Electronic check,90.65,5199.8,5636,0.24523723723723725,90.65,266.7690666666667,0
2586,United States,California,Danville,94526,37.815459,-121.977203,Female,No,Yes,Yes,32,Yes,No,Fiber optic,No,Yes,No,No,Yes,No,Month-to-month,Yes,Electronic check,86.1,2723.75,4970,0.256420910706625,86.1,264.9340849420849,0
11,United States,California,Los Angeles,90039,34.110845,-118.259595,Male,No,No,Yes,5,Yes,No,Fiber optic,No,No,No,No,No,No,Month-to-month,Yes,Electronic check,69.7,316.9,2454,0.3165187936337762,69.7,264.73631899529045,1
477,United States,California,Glendale,91204,34.136306,-118.26036,Male,Yes,No,No,1,Yes,No,DSL,No,No,No,No,No,No,Month-to-month,No,Electronic check,45.1,45.1,4499,0.4885945614079967,45.1,264.4273766340078,1
1872,United States,California,Los Angeles,90007,34.027337,-118.28515,Male,No,No,Yes,22,Yes,Yes,Fiber optic,No,Yes,No,No,Yes,No,Month-to-month,Yes,Credit card (automatic),89.1,1949.4,4459,0.24723723723723726,89.1,264.34605405405404,0
261,United States,California,Oakland,94606,37.792489,-122.244314,Male,No,Yes,No,18,Yes,No,DSL,No,No,Yes,No,No,Yes,Month-to-month,No,Electronic check,57.45,990.85,2989,0.3825107144157662,57.45,263.7028865182292,1
6394,United States,California,Gustine,95322,37.147198,-121.120161,Female,Yes,Yes,No,39,Yes,No,Fiber optic,Yes,Yes,No,No,Yes,Yes,One year,No,Mailed check,99.1,3877.95,4599,0.22110044998781736,99.1,262.9326551255124,0
2449,United States,California,Olancha,93549,36.296851,-117.865469,Male,No,No,No,41,Yes,No,Fiber optic,No,No,No,Yes,No,No,Month-to-month,Yes,Electronic check,74.25,3089.1,3277,0.2949574960724787,74.25,262.80712900057847,0
980,United States,California,Apple Valley,92307,34.55082,-117.122396,Female,No,No,No,5,Yes,Yes,DSL,No,No,No,No,No,No,Month-to-month,Yes,Mailed check,50.6,249.95,2353,0.4312860627787433,50.6,261.8768973192529,1
5862,United States,California,Hinkley,92347,34.983808,-117.239306,Female,No,No,No,18,Yes,Yes,DSL,No,No,No,No,No,No,Month-to-month,Yes,Electronic check,50.3,913.3,5877,0.4312860627787433,50.3,260.32426749324947,0
2381,United States,California,Terra Bella,93270,35.939068,-119.043666,Female,No,No,No,1,Yes,No,DSL,No,No,No,Yes,No,No,Month-to-month,Yes,Electronic check,49.9,49.9,4667,0.4312860627787433,49.9,258.2540943919115,0
6521,United States,California,Esparto,95627,38.834469,-122.127193,Female,No,Yes,Yes,9,Yes,No,Fiber optic,No,No,No,Yes,No,No,Month-to-month,Yes,Electronic check,75.85,647.5,4843,0.283375546841589,75.85,257.9284227352143,0
33,United States,California,Los Alamitos,90720,33.79499,-118.065591,Female,Yes,Yes,Yes,1,Yes,No,Fiber optic,No,No,No,No,No,No,Month-to-month,Yes,Mailed check,70.45,70.45,3964,0.30437064548562803,70.45,257.31494369354994,1
2797,United States,California,Elk,95432,39.108252,-123.645121,Male,No,No,No,2,Yes,No,DSL,No,Yes,No,No,No,No,Month-to-month,Yes,Mailed check,50.3,92.75,5870,0.4251667347543636,50.3,256.63064109773387,0
15,United States,California,Los Angeles,90061,33.92128,-118.274186,Female,No,No,Yes,15,Yes,No,Fiber optic,Yes,Yes,No,No,Yes,Yes,Month-to-month,Yes,Credit card (automatic),99.1,1426.4,2966,0.21306330902604195,99.1,253.37488709376908,1
3017,United States,California,Dorris,96023,41.949216,-122.050062,Male,No,No,No,12,Yes,Yes,DSL,Yes,Yes,No,Yes,No,No,Month-to-month,Yes,Electronic check,67.25,832.3,4334,0.3125187936337762,67.25,252.20266646245742,0
220,United States,California,Pebble Beach,93953,36.587497,-121.944815,Male,No,Yes,No,59,Yes,Yes,Fiber optic,No,No,No,No,No,Yes,One year,No,Electronic check,85.55,5084.65,6304,0.24523723723723725,85.55,251.76054774774775,1
4131,United States,California,Somerset,95684,38.606703,-120.586659,Male,No,No,No,1,Yes,No,DSL,No,No,No,No,No,No,Month-to-month,Yes,Mailed check,45.8,45.8,2614,0.4574834502968856,45.8,251.4329042831683,0
3556,United States,California,California Hot Springs,93207,35.865795,-118.69759,Male,Yes,No,No,1,Yes,No,DSL,No,No,No,No,No,No,Month-to-month,No,Electronic check,45.2,45.2,4576,0.4623971738898545,45.2,250.8042271178571,0
1164,United States,California,Arnold,95223,38.32153,-120.236358,Female,No,No,No,1,Yes,No,DSL,No,No,Yes,No,No,No,Month-to-month,Yes,Mailed check,50.45,50.45,2806,0.41363900395521397,50.45,250.41705299448654,1
4495,United States,California,Rancho Cucamonga,91730,34.10097,-117.57882,Female,No,No,Yes,7,Yes,No,Fiber optic,No,No,No,No,No,No,Month-to-month,Yes,Electronic check,71.05,472.65,4668,0.29344168373699414,71.05,250.1883795541612,0
2644,United States,California,Corte Madera,94925,37.924014,-122.511694,Female,No,Yes,Yes,43,Yes,Yes,Fiber optic,No,No,Yes,No,Yes,Yes,Month-to-month,Yes,Bank transfer (automatic),99.3,4209.95,3280,0.20985941043083897,99.3,250.0684734693877,0
2023,United States,California,San Fernando,91340,34.286131,-118.435969,Male,No,No,Yes,13,Yes,No,Fiber optic,No,No,No,No,Yes,No,Month-to-month,Yes,Credit card (automatic),78.3,1033.95,5566,0.2614652014652014,78.3,245.67270329670325,0
6364,United States,California,Campo Seco,95226,38.233879,-120.861666,Female,No,Yes,No,19,Yes,No,DSL,No,Yes,No,No,No,Yes,Month-to-month,Yes,Mailed check,59.8,1130.85,3652,0.3415457775293707,59.8,245.0932499550764,0
875,United States,California,Los Angeles,90049,34.091829,-118.491244,Male,No,No,No,1,Yes,No,DSL,No,No,No,No,No,No,Month-to-month,Yes,Mailed check,44.15,44.15,4773,0.4623971738898545,44.15,244.97802272684493,1
7035,United States,California,Westmorland,92281,33.03679,-115.60503,Male,No,No,No,38,Yes,No,Fiber optic,No,No,No,No,No,No,Month-to-month,Yes,Credit card (automatic),69.5,2625.25,4591,0.29270094299625343,69.5,244.11258645887534,0
2938,United States,California,Sacramento,95819,38.567594,-121.437507,Male,No,No,No,18,Yes,Yes,DSL,Yes,No,Yes,No,Yes,No,Month-to-month,No,Mailed check,69.5,1199.4,4466,0.29270094299625343,69.5,244.11258645887534,0
3837,United States,California,Oakland,94602,37.803883,-122.208417,Female,No,Yes,No,59,Yes,Yes,Fiber optic,Yes,Yes,Yes,No,Yes,Yes,One year,Yes,Credit card (automatic),109.15,6557.75,5186,0.18572082679225538,109.15,243.2571389324961,0
1237,United States,California,Wheatland,95692,39.043387,-121.409837,Male,No,No,No,1,Yes,Yes,DSL,No,No,Yes,Yes,No,No,Month-to-month,No,Mailed check,62.05,62.05,2937,0.3259515746308199,62.05,242.70354247010852,1
3866,United States,California,Forest Knolls,94933,38.010092,-122.689442,Male,No,No,No,1,Yes,No,DSL,No,No,No,No,No,No,Month-to-month,No,Electronic check,44.0,44.0,2785,0.4574834502968856,44.0,241.5512617567556,0
415,United States,California,Lakehead,96051,40.883853,-122.418258,Female,No,No,No,7,Yes,No,DSL,No,No,No,Yes,Yes,No,Month-to-month,Yes,Mailed check,59.5,415.95,4661,0.3375457775293707,59.5,241.00768515597065,1
5984,United States,California,Santa Barbara,93103,34.438581,-119.685368,Female,Yes,No,No,46,Yes,No,Fiber optic,No,Yes,Yes,No,Yes,No,One year,Yes,Bank transfer (automatic),91.3,4126.35,3191,0.21922802248410123,91.3,240.1862214335813,0
4722,United States,California,Santa Ana,92704,33.719869,-117.907063,Female,No,No,No,9,Yes,No,DSL,No,No,No,No,No,No,Month-to-month,Yes,Electronic check,43.75,405.7,5644,0.4574834502968856,43.75,240.17881140586493,0
3144,United States,California,Gardena,90247,33.890853,-118.297967,Male,No,No,No,31,Yes,Yes,DSL,No,Yes,No,Yes,Yes,No,Month-to-month,Yes,Electronic check,71.05,2168.15,4443,0.2808310242970664,71.05,239.4365313156788,0
7022,United States,California,Niland,92257,33.345825,-115.596574,Female,No,No,No,1,Yes,No,DSL,No,Yes,No,No,No,No,Month-to-month,No,Electronic check,49.95,49.95,5230,0.3989693472362214,49.95,239.14222673339114,0
4767,United States,California,Santa Barbara,93105,34.037342,-119.80079,Male,No,No,No,9,Yes,No,DSL,Yes,No,Yes,Yes,No,Yes,Month-to-month,Yes,Bank transfer (automatic),68.25,576.95,4366,0.29191082931730505,68.25,239.07496921087284,0
6655,United States,California,Bieber,96009,41.083464,-121.107929,Female,No,Yes,No,67,Yes,Yes,Fiber optic,No,Yes,Yes,No,Yes,Yes,One year,Yes,Bank transfer (automatic),105.7,6816.95,5027,0.18638773235046527,105.7,236.41419971333016,0
796,United States,California,Nicolaus,95659,38.788898,-121.608624,Female,No,No,No,1,Yes,No,DSL,No,No,No,No,No,No,Month-to-month,Yes,Mailed check,45.4,45.4,2168,0.4312860627787433,45.4,234.96464700185936,1
193,United States,California,Palmdale,93591,34.598221,-117.79593,Male,No,No,No,2,Yes,No,DSL,No,No,No,No,No,No,Month-to-month,No,Electronic check,45.35,89.5,3478,0.4312860627787433,45.35,234.70587536419214,1
3886,United States,California,Campbell,95008,37.279689,-121.954567,Female,No,No,No,63,Yes,Yes,Fiber optic,Yes,Yes,Yes,No,Yes,Yes,Month-to-month,No,Credit card (automatic),108.25,6780.1,5331,0.1803380077968037,108.25,234.259072128048,0
2154,United States,California,Indio,92203,33.752938,-116.230055,Male,No,No,No,48,Yes,Yes,Fiber optic,No,Yes,Yes,No,Yes,Yes,Two year,Yes,Bank transfer (automatic),108.1,5067.45,5994,0.1803380077968037,108.1,233.93446371401373,0
6969,United States,California,Oceanside,92054,33.351059,-117.420557,Male,No,No,No,35,Yes,No,Fiber optic,Yes,No,No,Yes,No,Yes,One year,Yes,Electronic check,89.2,3251.3,4446,0.21695820705899904,89.2,232.2320648359526,0
3411,United States,California,Fontana,92335,34.087558,-117.464096,Male,No,No,Yes,18,Yes,Yes,Fiber optic,No,No,Yes,No,No,No,Month-to-month,Yes,Credit card (automatic),80.55,1406.65,5334,0.23874151074151073,80.55,230.76754428274427,0
5723,United States,California,Mt Baldy,91759,34.231318,-117.662032,Female,No,No,No,8,Yes,Yes,DSL,Yes,Yes,Yes,No,No,No,Month-to-month,Yes,Bank transfer (automatic),65.5,573.15,3033,0.29344168373699414,65.5,230.6451634172774,0
29,United States,California,Pico Rivera,90660,33.989524,-118.089299,Female,Yes,No,Yes,27,Yes,Yes,Fiber optic,No,No,Yes,No,No,No,Month-to-month,Yes,Electronic check,78.05,2135.5,4638,0.24523723723723725,78.05,229.68919639639643,1
2931,United States,California,El Dorado Hills,95762,38.684437,-121.055634,Male,No,Yes,No,3,Yes,No,DSL,No,No,Yes,Yes,No,No,Month-to-month,Yes,Mailed check,55.8,154.55,2662,0.3415457775293707,55.8,228.6990526336666,0
2075,United States,California,San Gabriel,91775,34.114772,-118.089431,Male,Yes,Yes,No,21,Yes,No,DSL,Yes,Yes,No,No,No,Yes,Month-to-month,Yes,Bank transfer (automatic),64.95,1339.8,4604,0.29130721477325694,64.95,227.04484319427644,0
1824,United States,California,San Gabriel,91775,34.114772,-118.089431,Male,No,No,Yes,12,Yes,Yes,Fiber optic,No,No,No,No,No,No,Month-to-month,Yes,Credit card (automatic),73.75,871.4,2010,0.256420910706625,73.75,226.93250597536314,1
4548,United States,California,Escondido,92026,33.21846,-117.116916,Male,No,No,No,9,Yes,No,DSL,Yes,No,Yes,Yes,Yes,No,Month-to-month,Yes,Mailed check,69.5,653.25,3628,0.2717893796389809,69.5,226.67234261891008,0
4262,United States,California,Macdoel,96058,41.769709,-121.92063,Male,No,No,No,16,Yes,Yes,DSL,No,Yes,No,No,No,No,Month-to-month,No,Electronic check,55.3,875.35,3771,0.3415457775293707,55.3,226.6497779684904,0
5179,United States,California,Coulterville,95311,37.722127,-120.110174,Female,No,No,No,61,Yes,Yes,Fiber optic,No,No,Yes,No,No,Yes,Month-to-month,No,Mailed check,89.2,5500.6,5536,0.21141880341880342,89.2,226.30268717948718,0
795,United States,California,Newcastle,95658,38.883224,-121.15918,Female,Yes,No,No,2,No,No phone service,DSL,No,No,Yes,No,No,No,Month-to-month,Yes,Electronic check,30.4,78.65,4002,0.6197467698849698,30.4,226.08362165403696,1
1778,United States,California,Bellflower,90706,33.887676,-118.127289,Female,Yes,No,No,40,Yes,No,Fiber optic,Yes,Yes,No,No,No,No,Month-to-month,Yes,Credit card (automatic),79.2,3233.85,3207,0.23698326898326902,79.2,225.22889884169888,1
2950,United States,California,Sacramento,95835,38.685069,-121.543709,Female,No,No,No,23,Yes,Yes,DSL,No,No,No,Yes,Yes,Yes,One year,Yes,Mailed check,73.75,1756.6,3483,0.2527927927927928,73.75,223.72162162162164,0
4193,United States,California,Goodyears Bar,95944,39.564113,-120.868836,Female,No,No,No,26,Yes,No,Fiber optic,Yes,No,Yes,Yes,No,Yes,One year,Yes,Bank transfer (automatic),95.85,2475.35,3834,0.19325848064978499,95.85,222.2859044433827,0
4324,United States,California,Los Angeles,90018,34.028735,-118.317236,Male,Yes,Yes,No,18,Yes,No,DSL,Yes,No,No,No,No,Yes,Month-to-month,Yes,Credit card (automatic),59.1,1011.05,2422,0.3125187936337762,59.1,221.6383284450741,0
1262,United States,California,Oroville,95966,39.473896,-121.415927,Male,No,No,No,1,Yes,No,DSL,Yes,No,No,Yes,No,No,Month-to-month,Yes,Electronic check,53.95,53.95,2771,0.3415457775293707,53.95,221.1167363725146,1
2820,United States,California,Occidental,95465,38.415003,-122.998726,Female,No,No,No,1,Yes,No,DSL,No,No,Yes,Yes,Yes,Yes,One year,No,Credit card (automatic),74.1,74.1,2900,0.24723723723723726,74.1,219.84335135135137,0
5105,United States,California,Brookdale,95007,37.106902,-122.100006,Female,Yes,No,No,4,Yes,Yes,DSL,No,No,No,No,No,No,Month-to-month,No,Mailed check,48.75,179.85,3048,0.3744131975036011,48.75,219.03172053960665,0
778,United States,California,Smith River,95567,41.950683,-124.097094,Male,No,No,No,10,No,No phone service,DSL,No,No,No,No,No,Yes,Month-to-month,Yes,Mailed check,33.9,298.45,2529,0.5348529411764706,33.9,217.57817647058823,1
430,United States,California,Topaz,96133,38.636052,-119.489162,Male,Yes,No,No,17,Yes,No,DSL,No,No,No,No,No,No,Month-to-month,Yes,Electronic check,45.05,770.6,3797,0.399730815127882,45.05,216.094478658133,1
3547,United States,California,Simi Valley,93063,34.296813,-118.685703,Female,Yes,No,No,7,Yes,No,DSL,Yes,No,No,No,No,No,Month-to-month,Yes,Electronic check,48.2,340.35,5525,0.3720602563271305,48.2,215.19965225961232,0
6324,United States,California,Santa Cruz,95060,36.993451,-122.098858,Male,No,No,No,19,Yes,No,DSL,No,No,No,Yes,Yes,No,Month-to-month,Yes,Credit card (automatic),61.55,1093.2,5831,0.29130721477325694,61.55,215.15950883152757,0
2059,United States,California,Rancho Cucamonga,91730,34.10097,-117.57882,Female,No,Yes,No,51,Yes,No,Fiber optic,Yes,Yes,Yes,No,Yes,No,One year,Yes,Electronic check,93.5,4619.55,5561,0.1916990876618206,93.5,215.0863763565627,0
4937,United States,California,Carmel,93923,36.460611,-121.852507,Male,Yes,No,No,2,Yes,No,DSL,No,No,Yes,No,No,No,Month-to-month,No,Mailed check,49.95,107.1,5251,0.35872692299379716,49.95,215.020917642482,0
1578,United States,California,Oakland,94603,37.739113,-122.175602,Female,No,No,No,12,Yes,Yes,DSL,No,No,No,Yes,Yes,Yes,One year,No,Mailed check,74.05,872.65,4149,0.24071549810680248,74.05,213.8997916177047,1
3855,United States,California,San Rafael,94903,38.018065,-122.546024,Female,No,No,No,7,Yes,No,DSL,Yes,No,No,No,No,Yes,One year,Yes,Electronic check,59.1,369.25,4770,0.3015898318851423,59.1,213.88750877294297,0
837,United States,California,Bieber,96009,41.083464,-121.107929,Female,No,Yes,No,22,Yes,No,DSL,No,Yes,No,No,Yes,Yes,One year,Yes,Bank transfer (automatic),69.5,1498.2,5922,0.256420910706625,69.5,213.85503952932527,1
952,United States,California,Pala,92059,33.384345,-117.072619,Female,Yes,Yes,No,2,Yes,No,DSL,No,Yes,No,No,No,No,Month-to-month,No,Credit card (automatic),50.15,115.1,5461,0.35472692299379716,50.15,213.47466225766712,1
2745,United States,California,Crows Landing,95313,37.435664,-121.049056,Male,No,Yes,Yes,18,Yes,No,Fiber optic,Yes,No,Yes,No,Yes,No,Month-to-month,Yes,Mailed check,87.9,1500.5,5192,0.2017022291610251,87.9,212.75551131904928,0
7037,United States,California,Yucca Valley,92284,34.159534,-116.425984,Female,No,No,No,12,No,No phone service,DSL,No,Yes,Yes,Yes,Yes,Yes,One year,No,Electronic check,60.65,743.3,3740,0.29204795551399765,60.65,212.55250202308747,0
1857,United States,California,Calipatria,92233,33.143826,-115.497485,Male,No,No,No,3,Yes,No,DSL,No,Yes,No,No,No,No,Month-to-month,Yes,Mailed check,49.9,130.1,5585,0.35472692299379716,49.9,212.41048148868575,1
349,United States,California,Rio Dell,95562,40.485849,-124.163234,Female,Yes,No,No,1,No,No phone service,DSL,No,No,No,No,No,No,Month-to-month,Yes,Electronic check,25.2,25.2,5688,0.6964881335027402,25.2,210.61801157122864,1
5430,United States,California,Palermo,95968,39.435756,-121.552071,Male,Yes,Yes,No,72,Yes,Yes,Fiber optic,No,Yes,No,No,Yes,Yes,One year,Yes,Credit card (automatic),97.25,7133.1,6156,0.1803380077968037,97.25,210.45445509886991,0
1630,United States,California,Oakdale,95361,37.785033,-120.776141,Male,No,No,No,4,No,No phone service,DSL,No,No,Yes,No,No,No,Month-to-month,Yes,Electronic check,29.65,118.5,4207,0.5903621545003543,29.65,210.05085457122607,1
4577,United States,California,San Diego,92110,32.76501,-117.19938,Male,No,No,No,4,Yes,No,DSL,No,No,No,Yes,No,No,Month-to-month,Yes,Mailed check,50.8,202.3,4521,0.3415457775293707,50.8,208.2063059819044,0
6343,United States,California,San Jose,95128,37.316146,-121.936285,Male,No,No,No,1,Yes,No,DSL,Yes,No,No,No,No,No,Month-to-month,Yes,Credit card (automatic),49.8,49.8,2978,0.34779796124516327,49.8,207.84406164010954,0
4572,United States,California,San Diego,92104,32.741499,-117.127409,Female,No,No,No,10,Yes,No,DSL,No,No,Yes,Yes,No,No,Month-to-month,No,Electronic check,54.25,583.0,2253,0.3165187936337762,54.25,206.0537346555883,0
6643,United States,California,Richvale,95974,39.495768,-121.747472,Female,No,Yes,Yes,5,Yes,No,Fiber optic,No,No,No,No,No,No,Month-to-month,No,Credit card (automatic),69.95,320.4,3850,0.24523723723723725,69.95,205.85213693693697,0
2248,United States,California,Moreno Valley,92553,33.923149,-117.244933,Male,Yes,Yes,No,20,Yes,No,Fiber optic,Yes,No,Yes,Yes,No,Yes,One year,No,Credit card (automatic),94.3,1818.3,2574,0.18189740078476813,94.3,205.8350987280436,0
2715,United States,California,Stockton,95207,38.002125,-121.324979,Male,No,Yes,No,18,Yes,Yes,DSL,No,Yes,No,No,No,No,Month-to-month,No,Credit card (automatic),56.8,1074.65,5558,0.3015898318851423,56.8,205.563629412913,0
26,United States,California,Whittier,90602,33.972119,-118.020188,Female,Yes,Yes,Yes,37,Yes,Yes,Fiber optic,No,No,No,No,No,No,Month-to-month,Yes,Electronic check,76.5,2868.15,2793,0.22387301587301586,76.5,205.51542857142857,1
1557,United States,California,Palo Alto,94306,37.416159,-122.131337,Male,No,No,No,11,No,No phone service,DSL,No,No,Yes,No,Yes,No,One year,Yes,Electronic check,41.6,470.6,3119,0.4112860627787434,41.6,205.3140025391487,1
2324,United States,California,Corona,92879,33.893823,-117.531446,Male,No,No,No,46,Yes,Yes,Fiber optic,No,Yes,Yes,Yes,Yes,Yes,Two year,No,Electronic check,108.65,4903.2,4210,0.1562645088320004,108.65,203.73766661516214,0
6857,United States,California,South Pasadena,91030,34.110444,-118.156957,Male,No,Yes,No,3,No,No phone service,DSL,No,No,No,Yes,No,No,Month-to-month,Yes,Electronic check,29.9,92.25,4416,0.5674056327612239,29.9,203.58514103472714,0
5330,United States,California,Lotus,95651,38.815515,-120.916997,Female,No,Yes,Yes,16,Yes,No,Fiber optic,Yes,No,Yes,No,Yes,Yes,Month-to-month,No,Bank transfer (automatic),100.7,1522.7,3337,0.16788379534259124,100.7,202.87077829198722,0
47,United States,California,Glendale,91207,34.182378,-118.262922,Female,No,Yes,No,1,No,No phone service,DSL,No,No,No,No,No,No,Month-to-month,Yes,Electronic check,24.8,24.8,4851,0.6801535115409207,24.8,202.413685034578,1
1316,United States,California,Los Angeles,90059,33.927254,-118.249826,Female,No,No,No,15,Yes,Yes,DSL,Yes,No,No,No,No,No,Month-to-month,Yes,Mailed check,55.7,899.8,4519,0.3015898318851423,55.7,201.58264363202915,1
6976,United States,California,Rancho Santa Fe,92067,33.012751,-117.200617,Female,No,No,No,47,Yes,No,Fiber optic,Yes,No,Yes,Yes,Yes,Yes,One year,Yes,Electronic check,103.7,4730.6,4543,0.16190553447302602,103.7,201.47524709823358,0
6178,United States,California,San Bruno,94066,37.624436,-122.430661,Female,No,No,No,15,Yes,Yes,DSL,No,No,No,No,No,No,Month-to-month,Yes,Mailed check,48.8,720.1,2577,0.3432849079641533,48.8,201.02764210380815,0
2835,United States,California,Blocksburg,95514,40.309088,-123.668201,Female,No,No,No,28,Yes,No,DSL,No,No,Yes,No,Yes,No,Month-to-month,Yes,Bank transfer (automatic),59.55,1646.45,3354,0.2808310242970664,59.55,200.68184996268366,0
6457,United States,California,Monte Rio,95462,38.471049,-123.015549,Male,No,Yes,No,72,Yes,Yes,Fiber optic,No,Yes,No,No,Yes,Yes,Two year,Yes,Electronic check,99.4,7285.7,6022,0.16788379534259124,99.4,200.25179108464283,0
5136,United States,California,San Jose,95122,37.32886,-121.834567,Male,No,No,No,33,Yes,No,DSL,No,Yes,Yes,No,Yes,No,Month-to-month,Yes,Credit card (automatic),66.4,2245.4,3843,0.2510362953220096,66.4,200.02572011257726,0
1362,United States,California,El Monte,91731,34.079934,-118.046695,Female,Yes,Yes,No,24,No,No phone service,DSL,No,No,Yes,No,No,Yes,Month-to-month,Yes,Credit card (automatic),40.65,933.3,3843,0.4095469323439608,40.65,199.7769935973841,1
3950,United States,California,Murphys,95247,38.147852,-120.440124,Female,No,No,No,4,Yes,No,DSL,Yes,Yes,No,No,No,No,Month-to-month,No,Electronic check,55.2,220.65,4042,0.3015898318851423,55.2,199.77310464071832,0
240,United States,California,Byron,94514,37.83323,-121.601461,Male,Yes,No,No,2,Yes,No,DSL,No,No,No,No,No,No,Month-to-month,No,Mailed check,44.95,85.15,5900,0.3703211258923479,44.95,199.75121530633248,1
149,United States,California,Ventura,93001,34.360261,-119.306383,Male,No,Yes,No,9,No,No phone service,DSL,No,Yes,No,No,No,No,Month-to-month,Yes,Electronic check,29.95,248.95,2573,0.5542356522865657,29.95,199.19229343179168,1
843,United States,California,Mineral,96063,40.408796,-121.579609,Female,No,Yes,No,54,Yes,Yes,Fiber optic,Yes,Yes,No,No,Yes,Yes,One year,No,Bank transfer (automatic),106.55,5763.3,4893,0.15522562134225745,106.55,198.47147944821035,1
829,United States,California,Grimes,95950,39.033058,-121.895718,Male,No,Yes,No,18,Yes,No,DSL,No,No,Yes,No,No,No,Month-to-month,Yes,Mailed check,49.55,878.35,2815,0.3259515746308199,49.55,193.8108062754855,1
4781,United States,California,Farmersville,93223,36.29878,-119.201028,Male,No,Yes,No,63,Yes,Yes,Fiber optic,No,No,Yes,No,Yes,Yes,Two year,No,Electronic check,102.6,6296.75,4004,0.1562645088320004,102.6,192.3928632739589,0
1260,United States,California,Meadow Valley,95956,39.937017,-121.058043,Male,No,No,No,38,Yes,No,Fiber optic,No,No,No,No,No,No,One year,Yes,Bank transfer (automatic),70.45,2597.6,5437,0.22707691446821882,70.45,191.97082349143218,1
2092,United States,California,Imperial Beach,91932,32.579134,-117.119009,Male,No,No,No,23,Yes,No,DSL,No,No,No,No,Yes,Yes,One year,Yes,Bank transfer (automatic),64.9,1509.8,3314,0.246349147068821,64.9,191.85671573719782,0
1719,United States,California,Shasta Lake,96019,40.692523,-122.369876,Male,Yes,Yes,No,1,No,No phone service,DSL,No,No,No,No,No,No,Month-to-month,No,Electronic check,25.05,25.05,2119,0.6342761816496757,25.05,190.6634202038925,1
5578,United States,California,Downey,90242,33.921793,-118.140588,Female,No,Yes,No,7,Yes,No,DSL,Yes,No,No,No,No,No,Month-to-month,Yes,Bank transfer (automatic),50.3,355.1,2547,0.3125187936337762,50.3,188.6363438373473,0
147,United States,California,Norco,92860,33.925833,-117.559639,Female,No,No,No,12,Yes,Yes,DSL,Yes,No,Yes,Yes,No,No,Month-to-month,Yes,Mailed check,61.65,713.75,5670,0.2527927927927928,61.65,187.0161081081081,1
1454,United States,California,Anaheim,92805,33.830209,-117.906099,Male,No,No,No,9,No,No phone service,DSL,No,No,No,No,Yes,No,Month-to-month,Yes,Credit card (automatic),34.7,296.1,5352,0.44881152791968726,34.7,186.8851202257578,1
6015,United States,California,Sequoia National Park,93262,36.527243,-118.594938,Female,No,Yes,No,22,Yes,No,DSL,No,Yes,Yes,No,No,No,Month-to-month,Yes,Mailed check,54.7,1178.75,5722,0.2838042361360901,54.7,186.28910059972958,0
6379,United States,California,Valley Springs,95252,38.156971,-120.849231,Female,No,Yes,No,56,Yes,Yes,Fiber optic,Yes,Yes,Yes,No,Yes,Yes,One year,No,Bank transfer (automatic),109.8,6109.65,5648,0.1401930802605718,109.8,184.7184025513294,0
6210,United States,California,Benicia,94510,38.113533,-122.11926,Female,No,Yes,No,9,Yes,No,DSL,No,Yes,No,No,No,No,Month-to-month,No,Mailed check,50.85,466.6,4623,0.3015898318851423,50.85,184.03011541631383,0
6989,United States,California,San Diego,92107,32.741852,-117.243453,Female,Yes,Yes,No,61,Yes,Yes,Fiber optic,Yes,Yes,Yes,Yes,No,No,Month-to-month,Yes,Credit card (automatic),94.2,5895.45,5274,0.16224276970156562,94.2,183.39922687064978,0
4514,United States,California,Rosemead,91770,34.065108,-118.082791,Male,No,Yes,Yes,40,Yes,Yes,Fiber optic,No,No,Yes,No,No,No,Month-to-month,Yes,Electronic check,81.2,3292.3,5370,0.18770638318113078,81.2,182.90109977169385,0
4631,United States,California,Big Bear Lake,92315,34.242058,-116.89802,Male,No,No,No,26,Yes,No,Fiber optic,No,Yes,No,No,No,No,One year,No,Bank transfer (automatic),75.5,2018.1,5184,0.2017022291610251,75.5,182.74221961988874,0
1983,United States,California,Long Beach,90803,33.760458,-118.129725,Female,No,Yes,Yes,8,Yes,No,DSL,No,No,No,Yes,Yes,Yes,Month-to-month,Yes,Electronic check,68.55,564.35,3123,0.22104308390022673,68.55,181.83004081632652,0
5441,United States,California,Washington,95986,39.34128,-120.786867,Female,No,Yes,No,67,Yes,Yes,Fiber optic,No,Yes,Yes,Yes,Yes,Yes,One year,Yes,Credit card (automatic),109.7,7344.45,4017,0.13685974692723848,109.7,180.16217085501677,0
1862,United States,California,Imperial,92251,32.858595,-115.662709,Female,No,No,No,4,Yes,No,DSL,Yes,Yes,No,Yes,No,No,Month-to-month,Yes,Mailed check,60.4,272.15,5730,0.24816694245265677,60.4,179.87139988968562,1
489,United States,California,Canyon Country,91351,34.422519,-118.420717,Female,No,No,No,1,Yes,No,DSL,No,No,No,No,No,No,Month-to-month,No,Mailed check,45.95,45.95,4888,0.3259515746308199,45.95,179.72969825143412,1
4928,United States,California,Fresno,93726,36.793601,-119.761131,Female,Yes,No,No,57,No,No phone service,DSL,No,Yes,Yes,No,Yes,Yes,Month-to-month,Yes,Electronic check,55.0,3094.05,4622,0.27170710599282033,55.0,179.32668995526143,0
5556,United States,California,Los Angeles,90047,33.958149,-118.308441,Male,No,No,No,6,Yes,No,DSL,No,No,No,Yes,No,No,Month-to-month,Yes,Credit card (automatic),49.5,312.7,5552,0.3015898318851423,49.5,179.14436013977453,0
891,United States,California,Santa Monica,90403,34.031529,-118.491156,Female,No,No,No,4,Yes,No,DSL,No,Yes,No,No,No,No,Month-to-month,No,Credit card (automatic),50.7,151.3,4930,0.29344168373699414,50.7,178.52992038558725,1
1027,United States,California,Orange,92869,33.792791,-117.789749,Female,No,No,No,3,No,No phone service,DSL,No,No,No,No,Yes,No,Month-to-month,No,Credit card (automatic),35.2,108.95,5450,0.42261414040154505,35.2,178.51221290561264,1
4218,United States,California,Strawberry Valley,95981,39.58458,-121.093256,Female,No,Yes,No,45,Yes,No,Fiber optic,No,No,No,Yes,Yes,Yes,Two year,Yes,Credit card (automatic),95.2,4285.8,3363,0.15612553289676784,95.2,178.35780878126758,0
5506,United States,California,Fort Bidwell,96112,41.932207,-120.135941,Male,No,Yes,No,64,Yes,Yes,Fiber optic,Yes,No,Yes,Yes,Yes,Yes,One year,Yes,Mailed check,108.5,6880.85,4576,0.13658652288352263,108.5,177.83565279434646,0
4802,United States,California,Springville,93265,36.245926,-118.693138,Male,Yes,Yes,No,16,Yes,No,DSL,Yes,Yes,No,No,No,No,Month-to-month,Yes,Bank transfer (automatic),54.55,825.1,3324,0.27096636525207957,54.55,177.37458269401128,0
3123,United States,California,Los Angeles,90061,33.92128,-118.274186,Male,No,No,No,11,No,No phone service,DSL,No,Yes,No,Yes,No,No,Month-to-month,Yes,Electronic check,35.65,425.1,4986,0.41363900395521397,35.65,176.95476589204054,0
3931,United States,California,Stockton,95204,37.974498,-121.319568,Female,No,No,No,15,Yes,No,DSL,No,Yes,No,No,No,No,Month-to-month,No,Electronic check,48.85,736.8,5584,0.3015898318851423,48.85,176.79195945107043,0
1620,United States,California,Denair,95316,37.524721,-120.757977,Female,No,Yes,No,42,Yes,Yes,DSL,No,No,No,No,No,No,Month-to-month,Yes,Electronic check,50.25,2203.65,4873,0.2929174232127337,50.25,176.62920619727842,1
5156,United States,California,Stockton,95210,38.033219,-121.297433,Female,No,No,No,60,Yes,Yes,Fiber optic,No,Yes,Yes,No,Yes,Yes,Two year,No,Electronic check,104.7,6333.8,6186,0.1401930802605718,104.7,176.13858603938243,0
4057,United States,California,Blue Lake,95525,40.94338,-123.831799,Male,No,No,No,12,Yes,No,DSL,No,Yes,No,Yes,No,No,Month-to-month,Yes,Mailed check,53.75,648.65,5385,0.27215861562465776,53.75,175.54230707790424,0
5,United States,California,Los Angeles,90020,34.066367,-118.309868,Female,No,Yes,No,10,Yes,No,DSL,No,No,Yes,Yes,No,No,Month-to-month,No,Credit card (automatic),55.2,528.35,5925,0.2646627114919798,55.2,175.31258009228742,1
2934,United States,California,Sacramento,95814,38.584505,-121.491956,Male,No,No,Yes,1,Yes,Yes,DSL,No,No,No,No,No,No,Month-to-month,Yes,Electronic check,50.05,50.05,5523,0.2916280239043171,50.05,175.15179115693283,0
5681,United States,California,Sun Valley,91352,34.231053,-118.338307,Male,No,No,No,61,Yes,Yes,Fiber optic,Yes,No,Yes,No,Yes,Yes,One year,No,Electronic check,104.0,6363.45,4344,0.1401930802605718,104.0,174.96096416519362,0
4027,United States,California,Hopland,95449,38.93706,-123.118111,Male,No,No,No,54,Yes,No,Fiber optic,Yes,No,Yes,No,Yes,No,Month-to-month,No,Mailed check,89.8,4667.0,4980,0.16190553447302602,89.8,174.46940394813282,0
5153,United States,California,Stockton,95203,37.954089,-121.329761,Female,No,No,No,1,Yes,No,DSL,No,No,No,No,No,No,Month-to-month,No,Mailed check,44.75,44.75,4118,0.32287109715681145,44.75,173.38177917320775,0
4700,United States,California,Huntington Beach,92646,33.666301,-117.969501,Female,No,No,No,2,Yes,No,DSL,No,Yes,No,No,No,No,Month-to-month,No,Mailed check,49.2,103.7,2342,0.29344168373699414,49.2,173.24797007832137,0
2335,United States,California,Moorpark,93021,34.312945,-118.858169,Female,Yes,No,No,66,Yes,Yes,Fiber optic,No,No,Yes,Yes,Yes,Yes,One year,Yes,Credit card (automatic),102.85,6976.75,5569,0.1401930802605718,102.85,173.02629965759772,0
5966,United States,California,Corona,92880,33.918043,-117.617809,Male,No,Yes,No,61,Yes,No,Fiber optic,No,Yes,Yes,Yes,No,Yes,Month-to-month,No,Credit card (automatic),94.15,5731.85,4806,0.15265795145495123,94.15,172.4729535538039,0
6249,United States,California,Suisun City,94585,38.197907,-122.017258,Male,No,No,No,20,No,No phone service,DSL,Yes,Yes,Yes,Yes,Yes,No,Month-to-month,Yes,Credit card (automatic),55.0,1165.55,4481,0.25970870399441826,55.0,171.40774463631604,0
1549,United States,California,San Francisco,94114,37.758085,-122.434801,Male,No,No,No,24,Yes,Yes,DSL,Yes,No,No,No,No,No,Month-to-month,Yes,Bank transfer (automatic),55.65,1400.55,4126,0.256420910706625,55.65,171.23788416988418,1
6592,United States,California,Sacramento,95831,38.494832,-121.529447,Male,Yes,Yes,No,69,Yes,Yes,Fiber optic,Yes,Yes,No,No,No,No,Month-to-month,Yes,Credit card (automatic),84.9,5785.65,4503,0.16788379534259124,84.9,171.04001069503195,0
53,United States,California,Panorama City,91402,34.223768,-118.445461,Male,No,Yes,No,4,Yes,No,DSL,No,No,No,Yes,No,No,Month-to-month,No,Mailed check,50.05,179.35,3394,0.2840285343238448,50.05,170.58753771490117,1
6071,United States,California,Lancaster,93534,34.727529,-118.153098,Male,No,No,Yes,2,Yes,No,DSL,No,No,No,No,No,Yes,Month-to-month,Yes,Electronic check,55.3,108.65,4594,0.256420910706625,55.3,170.16091634491633,0
5876,United States,California,Sugarloaf,92386,34.243088,-116.830015,Male,No,No,No,55,Yes,No,Fiber optic,Yes,Yes,No,No,Yes,Yes,One year,Yes,Mailed check,100.9,5552.05,5101,0.1401930802605718,100.9,169.74578157950035,0
2104,United States,California,Cardiff By The Sea,92007,33.015866,-117.272254,Male,No,Yes,No,51,Yes,Yes,Fiber optic,Yes,Yes,No,Yes,Yes,Yes,One year,No,Credit card (automatic),110.05,5686.4,5604,0.1281702882377798,110.05,169.261682646812,0
6068,United States,California,Inyokern,93527,36.041315,-118.188235,Female,No,Yes,No,70,Yes,Yes,Fiber optic,No,Yes,Yes,Yes,Yes,Yes,Two year,Yes,Electronic check,110.5,7752.05,5979,0.1274628734237387,110.5,169.0157701598775,0
1088,United States,California,Fresno,93702,36.739385,-119.753649,Female,No,No,No,63,Yes,Yes,Fiber optic,No,Yes,No,No,Yes,Yes,One year,No,Bank transfer (automatic),99.9,6137.0,4776,0.1401930802605718,99.9,168.0634646163735,1
2694,United States,California,San Jose,95120,37.186141,-121.843554,Male,No,No,No,52,Yes,Yes,Fiber optic,No,No,Yes,No,No,Yes,Two year,Yes,Credit card (automatic),89.45,4577.75,5386,0.1562645088320004,89.45,167.73432378026922,0
3948,United States,California,Lodi,95242,38.128087,-121.4078,Female,No,Yes,No,72,Yes,Yes,Fiber optic,Yes,Yes,Yes,No,Yes,Yes,Two year,Yes,Electronic check,109.55,8165.1,6452,0.1274628734237387,109.55,167.5626934028469,0
5565,United States,California,Los Angeles,90067,34.057496,-118.413959,Male,Yes,No,No,23,No,No phone service,DSL,No,No,No,No,No,Yes,Month-to-month,Yes,Bank transfer (automatic),34.65,768.45,2307,0.401322288412692,34.65,166.86980752199733,0
5286,United States,California,Kneeland,95549,40.664483,-123.865325,Male,No,No,No,60,Yes,Yes,Fiber optic,Yes,Yes,Yes,Yes,Yes,Yes,One year,Yes,Credit card (automatic),116.6,7049.5,5680,0.11877341473428002,116.6,166.1877618962046,0
3443,United States,California,Riverside,92501,33.994676,-117.372498,Male,Yes,Yes,No,30,Yes,Yes,DSL,No,No,Yes,No,Yes,Yes,Two year,No,Electronic check,74.85,2181.75,5610,0.1846294905922235,74.85,165.83420844993515,0
4020,United States,California,Fort Bragg,95437,39.455555,-123.683979,Male,No,No,No,32,Yes,No,DSL,No,No,No,No,Yes,Yes,One year,Yes,Bank transfer (automatic),64.85,2010.95,4895,0.21306330902604195,64.85,165.80586708406582,0
170,United States,California,Onyx,93255,35.676978,-118.101378,Male,Yes,No,No,52,No,No phone service,DSL,No,Yes,No,No,Yes,Yes,Month-to-month,Yes,Electronic check,49.15,2550.9,5597,0.2808310242970664,49.15,165.63413813040978,1
3851,United States,California,Berkeley,94710,37.872902,-122.303708,Male,No,No,No,69,Yes,Yes,Fiber optic,No,Yes,No,Yes,Yes,Yes,One year,Yes,Bank transfer (automatic),105.2,7386.05,6247,0.13106943080078787,105.2,165.4620494429146,0
5843,United States,California,Apple Valley,92307,34.55082,-117.122396,Female,No,Yes,No,51,Yes,No,Fiber optic,No,No,No,No,No,No,Month-to-month,No,Mailed check,69.15,3649.6,5187,0.1986430960344004,69.15,164.83404108934548,0
4029,United States,California,Kenwood,95452,38.419525,-122.521585,Female,No,Yes,No,69,Yes,Yes,Fiber optic,Yes,Yes,Yes,Yes,Yes,Yes,Two year,Yes,Electronic check,116.0,8182.85,4216,0.11819482264170529,116.0,164.52719311725377,0
3466,United States,California,San Jacinto,92583,33.796568,-116.924723,Female,No,No,No,1,Yes,No,DSL,No,No,No,No,No,No,Month-to-month,No,Credit card (automatic),43.95,43.95,5684,0.31194213540817756,43.95,164.51828221427286,0
6498,United States,California,Samoa,95564,40.809636,-124.189977,Male,No,Yes,Yes,39,Yes,Yes,Fiber optic,No,No,Yes,No,Yes,Yes,One year,No,Electronic check,100.0,3835.55,5434,0.13685974692723848,100.0,164.23169631268618,0
2568,United States,California,San Mateo,94401,37.590421,-122.306467,Female,No,Yes,No,0,Yes,No,DSL,Yes,Yes,Yes,No,Yes,Yes,Two year,No,Mailed check,80.85,0.0,2048,0.16788379534259124,80.85,162.88085824138201,0
4459,United States,California,Pacoima,91331,34.255442,-118.421314,Male,No,No,No,9,No,No phone service,DSL,No,No,No,No,No,No,Month-to-month,Yes,Electronic check,24.95,190.25,5473,0.5424405772495755,24.95,162.4067088285229,0
6995,United States,California,San Diego,92120,32.807867,-117.060993,Male,No,No,No,24,Yes,No,DSL,No,Yes,No,No,No,No,Month-to-month,Yes,Mailed check,49.7,1218.25,2911,0.27215861562465776,49.7,162.3153983585459,0
6384,United States,California,Ballico,95303,37.4695,-120.672724,Male,No,No,No,2,No,No phone service,DSL,No,No,No,No,No,No,Month-to-month,Yes,Credit card (automatic),24.9,49.7,4033,0.5424405772495755,24.9,162.08124448217316,0
227,United States,California,Pescadero,94060,37.22565,-122.297533,Female,No,No,No,1,No,No phone service,DSL,No,No,No,No,No,No,Month-to-month,No,Electronic check,24.6,24.6,5768,0.5472101449275362,24.6,161.5364347826087,1
4061,United States,California,Fields Landing,95537,40.726949,-124.217378,Male,No,Yes,No,59,Yes,Yes,Fiber optic,Yes,Yes,Yes,Yes,Yes,Yes,Two year,No,Electronic check,113.75,6561.25,6251,0.11819482264170529,113.75,161.33593290592773,0
923,United States,California,Burbank,91501,34.188339,-118.300942,Female,No,No,No,46,Yes,No,Fiber optic,Yes,Yes,No,Yes,Yes,Yes,One year,Yes,Bank transfer (automatic),105.2,4822.85,3322,0.1274628734237387,105.2,160.9091314101277,1
1336,United States,California,Lakewood,90713,33.847755,-118.112532,Male,No,No,No,6,No,No phone service,DSL,No,Yes,No,No,No,No,Month-to-month,Yes,Credit card (automatic),30.5,208.7,4667,0.43733091896412235,30.5,160.0631163408688,1
6938,United States,California,Boulevard,91905,32.677097,-116.304991,Male,No,Yes,Yes,22,Yes,No,Fiber optic,No,Yes,Yes,No,Yes,Yes,One year,Yes,Mailed check,100.05,2090.25,3274,0.1328960683368239,100.05,159.55501964519078,0
6477,United States,California,Arcata,95521,40.839958,-124.003757,Female,No,No,No,25,No,No phone service,DSL,No,No,Yes,Yes,Yes,Yes,One year,No,Electronic check,54.2,1423.15,4458,0.24523723723723725,54.2,159.50229909909913,0
2585,United States,California,Crockett,94525,38.049292,-122.228415,Male,No,No,No,25,Yes,Yes,DSL,Yes,Yes,Yes,Yes,No,Yes,Month-to-month,No,Bank transfer (automatic),81.75,2028.8,5917,0.16224276970156562,81.75,159.16015707723588,0
2469,United States,California,Dunlap,93621,36.789213,-119.140338,Male,No,No,No,31,Yes,Yes,Fiber optic,No,No,No,Yes,No,No,One year,No,Credit card (automatic),81.7,2548.65,4850,0.16190553447302602,81.7,158.73218599735472,0
6641,United States,California,Princeton,95970,39.424957,-122.039307,Female,No,Yes,No,60,Yes,Yes,Fiber optic,No,Yes,Yes,Yes,Yes,Yes,Two year,Yes,Credit card (automatic),110.8,6640.7,5942,0.11877341473428002,110.8,157.9211322306987,0
5615,United States,California,Montebello,90640,34.015217,-118.109962,Male,No,Yes,No,67,Yes,Yes,Fiber optic,No,Yes,Yes,No,No,Yes,Two year,Yes,Electronic check,93.15,6368.2,4001,0.1411834708286553,93.15,157.81488369227088,0
4442,United States,California,San Marino,91108,34.122671,-118.112911,Male,No,No,No,19,Yes,No,DSL,No,No,No,No,No,No,Month-to-month,Yes,Bank transfer (automatic),45.0,865.85,4519,0.29130721477325694,45.0,157.30589597755875,0
5514,United States,California,Milford,96121,40.181279,-120.392967,Female,No,Yes,No,72,Yes,Yes,Fiber optic,Yes,Yes,Yes,No,Yes,Yes,Two year,Yes,Electronic check,110.75,7751.7,4848,0.11819482264170529,110.75,157.08091929082633,0
5309,United States,California,Carmichael,95608,38.626128,-121.328011,Female,No,No,No,8,Yes,No,DSL,No,No,No,No,No,No,Month-to-month,No,Mailed check,44.45,369.3,4909,0.29344168373699414,44.45,156.5217941053127,0
3584,United States,California,Posey,93260,35.861928,-118.636698,Female,No,No,No,57,Yes,Yes,Fiber optic,No,Yes,No,Yes,No,Yes,One year,No,Electronic check,94.7,5468.95,4507,0.13658652288352263,94.7,155.21692460483513,0
1817,United States,California,Glendora,91740,34.119363,-117.855059,Female,Yes,No,No,3,No,No phone service,DSL,No,No,No,No,No,No,Month-to-month,No,Electronic check,25.3,77.75,3542,0.5092844686522906,25.3,154.61876468283543,1
6789,United States,California,Lynwood,90262,33.923573,-118.200669,Male,No,Yes,No,37,Yes,Yes,Fiber optic,No,No,Yes,Yes,Yes,No,Two year,No,Mailed check,94.3,3460.95,2615,0.13658652288352263,94.3,154.5613092949942,0
1279,United States,California,Old Station,96071,40.656287,-121.428965,Female,No,No,No,3,No,No phone service,DSL,No,No,No,No,No,No,Month-to-month,No,Electronic check,25.25,58.9,2088,0.5092844686522906,25.25,154.31319400164406,1
3008,United States,California,Bella Vista,96008,40.722733,-122.109666,Male,No,Yes,No,30,Yes,No,DSL,No,No,Yes,No,No,No,Month-to-month,Yes,Mailed check,50.0,1474.9,4715,0.256420910706625,50.0,153.85254642397499,0
2991,United States,California,Quincy,95971,39.971228,-121.041166,Male,No,No,No,8,Yes,No,DSL,No,No,No,No,No,No,Month-to-month,No,Mailed check,43.55,335.4,3266,0.29344168373699414,43.55,153.35262392095314,0
5448,United States,California,Bieber,96009,41.083464,-121.107929,Male,No,No,No,41,No,No phone service,DSL,No,No,Yes,No,Yes,Yes,One year,Yes,Electronic check,51.35,2075.1,5622,0.24723723723723726,51.35,152.3475855855856,0
2149,United States,California,San Diego,92128,33.000269,-117.072093,Male,No,No,No,1,No,No phone service,DSL,No,No,No,No,No,No,Month-to-month,No,Mailed check,25.35,25.35,4193,0.49960704929745176,25.35,151.98046439628484,0
44,United States,California,Glendale,91202,34.167926,-118.267539,Female,No,No,No,1,No,No phone service,DSL,No,Yes,No,No,No,No,Month-to-month,No,Bank transfer (automatic),29.95,29.95,4534,0.41823279912477584,29.95,150.31286800544444,1
5975,United States,California,Carpinteria,93013,34.441398,-119.513163,Male,No,Yes,No,61,Yes,Yes,DSL,No,Yes,Yes,No,Yes,Yes,One year,Yes,Electronic check,79.8,4914.8,6432,0.1562645088320004,79.8,149.63889365752357,0
6621,United States,California,Glenn,95943,39.597975,-122.032248,Male,No,Yes,No,59,No,No phone service,DSL,No,No,No,No,Yes,Yes,Month-to-month,Yes,Electronic check,44.3,2666.75,5905,0.28104750451354665,44.3,149.4048533994014,0
4255,United States,California,Junction City,96048,40.913192,-123.06597,Male,No,Yes,Yes,53,Yes,Yes,Fiber optic,No,Yes,Yes,No,Yes,Yes,One year,Yes,Electronic check,105.25,5576.3,6365,0.11819482264170529,105.25,149.2800609964738,0
5212,United States,California,Tracy,95376,37.680968,-121.446049,Female,No,Yes,No,71,Yes,Yes,Fiber optic,No,Yes,Yes,No,Yes,Yes,Two year,Yes,Bank transfer (automatic),105.15,7555.0,5707,0.11819482264170529,105.15,149.13822720930375,0
3707,United States,California,Squaw Valley,93675,36.719141,-119.202677,Female,No,Yes,Yes,28,Yes,Yes,Fiber optic,No,No,No,Yes,No,Yes,One year,Yes,Electronic check,90.45,2509.25,5823,0.13658652288352263,90.45,148.25101193777547,0
4205,United States,California,North San Juan,95960,39.423046,-120.984472,Male,No,Yes,No,14,Yes,No,DSL,No,No,No,Yes,No,No,Month-to-month,No,Bank transfer (automatic),48.8,664.4,2168,0.25167326332778883,48.8,147.37986300475313,0
6012,United States,California,Pixley,93256,35.957019,-119.330928,Male,No,Yes,No,3,No,No phone service,DSL,No,No,No,No,No,No,Month-to-month,No,Mailed check,25.0,78.25,2730,0.4885945614079967,25.0,146.578368422399,0
5334,United States,California,Nicolaus,95659,38.788898,-121.608624,Female,No,No,No,59,Yes,No,Fiber optic,No,No,Yes,No,Yes,Yes,Two year,No,Electronic check,95.8,5655.45,5470,0.1274628734237387,95.8,146.53131928793,0
2791,United States,California,Cazadero,95421,38.578807,-123.19338,Female,No,Yes,No,56,Yes,Yes,Fiber optic,No,No,Yes,Yes,Yes,Yes,Two year,No,Bank transfer (automatic),103.2,5744.35,4534,0.11819482264170529,103.2,146.37246835948784,0
1003,United States,California,March Air Reserve Base,92518,33.888323,-117.277533,Male,No,Yes,No,61,Yes,Yes,Fiber optic,No,Yes,No,Yes,Yes,No,Two year,Yes,Electronic check,94.1,5638.3,6295,0.12688428133116397,94.1,143.27773047915034,1
879,United States,California,Los Angeles,90063,34.044271,-118.185237,Female,No,No,Yes,1,Yes,No,DSL,No,No,Yes,No,No,Yes,Month-to-month,No,Electronic check,59.2,59.2,5020,0.20151244890375325,59.2,143.1544437012263,1
1086,United States,California,South Dos Palos,93665,36.959731,-120.653519,Female,No,No,No,13,No,No phone service,DSL,No,No,No,No,No,No,Month-to-month,Yes,Electronic check,23.9,300.8,2967,0.49580345417727595,23.9,142.19643065804274,1
3257,United States,California,Encino,91436,34.152875,-118.486056,Male,No,No,No,26,No,No phone service,DSL,Yes,Yes,No,No,No,Yes,Month-to-month,Yes,Bank transfer (automatic),44.65,1156.55,4512,0.26509331937903363,44.65,142.03700052328622,0
2951,United States,California,Sacramento,95837,38.691607,-121.602284,Male,No,No,No,62,Yes,Yes,Fiber optic,Yes,Yes,No,No,No,Yes,One year,Yes,Bank transfer (automatic),92.3,5731.45,6468,0.1281702882377798,92.3,141.9614112521649,0
648,United States,California,Fresno,93702,36.739385,-119.753649,Male,No,No,No,31,Yes,No,DSL,No,No,Yes,Yes,No,No,Month-to-month,Yes,Electronic check,55.25,1715.65,2933,0.21395676510831443,55.25,141.85333526681245,1
2339,United States,California,Oxnard,93033,34.156629,-119.117218,Female,No,No,No,62,Yes,Yes,Fiber optic,Yes,Yes,Yes,No,No,No,One year,Yes,Electronic check,92.05,5755.8,5801,0.12789706419406394,92.05,141.27509710876302,0
3398,United States,California,Landers,92285,34.341737,-116.539416,Female,No,Yes,Yes,23,Yes,No,Fiber optic,No,No,Yes,No,No,No,Month-to-month,Yes,Credit card (automatic),75.3,1702.9,5903,0.1562645088320004,75.3,141.20061018059556,0
4578,United States,California,San Diego,92111,32.805518,-117.169052,Male,No,Yes,No,71,Yes,Yes,Fiber optic,Yes,Yes,Yes,No,Yes,No,Two year,Yes,Electronic check,99.0,6994.6,5295,0.11819482264170529,99.0,140.4154492983459,0
5289,United States,California,Mad River,95552,40.390301,-123.412327,Male,No,No,No,22,Yes,Yes,DSL,Yes,Yes,Yes,No,No,No,Month-to-month,No,Mailed check,65.05,1427.55,4709,0.17924487520760812,65.05,139.9185495870589,0
834,United States,California,Twain,95984,40.022184,-121.062384,Female,Yes,No,No,1,No,No phone service,DSL,No,No,No,No,No,No,Month-to-month,No,Mailed check,25.05,25.05,4842,0.4623971738898545,25.05,138.9965904712903,1
3918,United States,California,San Jose,95124,37.257063,-121.923037,Male,No,Yes,No,24,No,No phone service,DSL,No,No,Yes,No,No,No,Month-to-month,No,Electronic check,29.1,688.0,4636,0.39795272944541005,29.1,138.96509312233718,0
3693,United States,California,Orange Cove,93646,36.633498,-119.298895,Male,No,Yes,Yes,49,Yes,Yes,Fiber optic,No,No,No,Yes,Yes,Yes,One year,Yes,Electronic check,97.95,4917.9,4301,0.11819482264170529,97.95,138.9261945330604,0
6416,United States,California,Snelling,95369,37.521708,-120.426843,Male,No,Yes,Yes,61,Yes,Yes,Fiber optic,No,No,Yes,No,Yes,Yes,One year,Yes,Electronic check,99.9,6241.35,5641,0.11579830848048525,99.9,138.81901220640572,0
6424,United States,California,Waterford,95386,37.669516,-120.626964,Female,Yes,No,No,42,Yes,Yes,DSL,No,No,Yes,No,No,No,Month-to-month,No,Electronic check,55.65,2421.75,5831,0.20689706428836865,55.65,138.16585953177258,0
1240,United States,California,Soda Springs,95728,39.279068,-120.414275,Male,Yes,Yes,No,24,No,No phone service,DSL,Yes,No,No,No,No,Yes,Month-to-month,No,Bank transfer (automatic),39.1,971.3,4591,0.29270094299625343,39.1,137.33528245384213,1
25,United States,California,Torrance,90504,33.867257,-118.330794,Male,No,Yes,Yes,55,Yes,Yes,Fiber optic,Yes,Yes,No,No,Yes,No,Month-to-month,Yes,Electronic check,96.75,5238.9,5154,0.11819482264170529,96.75,137.22418908701985,1
3517,United States,California,Brea,92823,33.924143,-117.79387,Male,No,Yes,No,27,No,No phone service,DSL,No,Yes,Yes,No,No,Yes,One year,Yes,Credit card (automatic),45.85,1246.4,2068,0.2474081774081774,45.85,136.1239792099792,0
6646,United States,California,Stonyford,95979,39.288127,-122.415841,Male,No,Yes,No,64,Yes,No,Fiber optic,Yes,No,No,No,No,No,Month-to-month,Yes,Mailed check,73.55,4764.0,5018,0.15293117549866705,73.55,134.97705549512352,0
2336,United States,California,Oak View,93022,34.404544,-119.302118,Female,No,No,No,57,Yes,Yes,Fiber optic,Yes,Yes,No,Yes,No,No,Month-to-month,Yes,Bank transfer (automatic),87.55,4884.85,4882,0.12839235184018818,87.55,134.8890048433017,0
5451,United States,California,Callahan,96014,41.388397,-122.794636,Female,No,No,No,53,Yes,No,Fiber optic,No,Yes,Yes,Yes,No,Yes,One year,Yes,Credit card (automatic),94.45,5042.75,5452,0.11877341473428002,94.45,134.61778825983296,0
43,United States,California,Pasadena,91107,34.159007,-118.087353,Female,Yes,No,Yes,7,Yes,No,Fiber optic,Yes,No,No,No,No,No,Month-to-month,No,Bank transfer (automatic),76.45,503.6,4419,0.14583410590159746,76.45,133.7882087541255,1
4586,United States,California,San Diego,92126,32.886925,-117.152162,Male,No,Yes,Yes,16,Yes,Yes,DSL,Yes,Yes,No,Yes,Yes,Yes,Month-to-month,No,Electronic check,84.9,1398.25,2269,0.13038834669541743,84.9,132.83964761329128,0
5792,United States,California,San Diego,92110,32.76501,-117.19938,Male,No,Yes,Yes,49,Yes,Yes,Fiber optic,No,Yes,Yes,No,Yes,No,One year,Yes,Electronic check,93.65,4520.15,5542,0.11819482264170529,93.65,132.82734168474843,0
1468,United States,California,Santa Paula,93060,34.402343,-119.094824,Male,No,Yes,No,68,Yes,Yes,Fiber optic,Yes,Yes,Yes,Yes,Yes,Yes,Two year,Yes,Electronic check,113.15,7856.0,4610,0.09769875964957932,113.15,132.6553758521988,1
629,United States,California,Pearblossom,93553,34.445239,-117.894868,Female,No,No,No,57,Yes,Yes,Fiber optic,Yes,Yes,Yes,No,Yes,Yes,Two year,Yes,Bank transfer (automatic),112.95,6465.0,4738,0.09769875964957932,112.95,132.4208988290398,1
1791,United States,California,San Marino,91108,34.122671,-118.112911,Female,No,No,No,11,Yes,No,DSL,Yes,No,No,No,No,No,Month-to-month,No,Credit card (automatic),48.55,501.0,4444,0.22707691446821882,48.55,132.2950103691843,1
5266,United States,California,Witter Springs,95493,39.222323,-122.985488,Male,No,Yes,No,3,No,No phone service,DSL,Yes,No,No,Yes,No,No,Month-to-month,No,Mailed check,35.1,101.1,3610,0.31194213540817756,35.1,131.3900274339244,0
6338,United States,California,San Jose,95122,37.32886,-121.834567,Female,No,No,No,10,Yes,No,DSL,No,Yes,No,Yes,No,Yes,One year,No,Mailed check,64.9,685.55,4883,0.16788379534259124,64.9,130.74789981281006,0
2373,United States,California,Pixley,93256,35.957019,-119.330928,Male,Yes,No,No,65,Yes,Yes,Fiber optic,Yes,No,Yes,Yes,Yes,Yes,Two year,Yes,Electronic check,110.35,7246.15,4295,0.09769875964957932,110.35,129.37269752797292,0
1119,United States,California,Travis Afb,94535,38.265899,-121.939461,Male,No,No,No,62,Yes,Yes,Fiber optic,Yes,Yes,No,Yes,No,Yes,One year,No,Electronic check,102.0,6529.25,5090,0.10488057783139748,102.0,128.37382726563052,1
3181,United States,California,La Mirada,90638,33.902045,-118.008961,Male,Yes,No,No,65,Yes,Yes,Fiber optic,Yes,No,Yes,Yes,Yes,Yes,Two year,Yes,Electronic check,109.05,7108.2,5692,0.09769875964957932,109.05,127.84859687743949,0
6403,United States,California,Manteca,95337,37.750822,-121.238423,Female,No,No,No,36,Yes,Yes,DSL,Yes,No,Yes,Yes,Yes,Yes,One year,Yes,Credit card (automatic),89.65,3348.1,4844,0.11877341473428002,89.65,127.77643957113847,0
6419,United States,California,Stevinson,95374,37.316807,-120.855753,Male,No,No,No,41,Yes,Yes,DSL,No,No,Yes,No,No,No,Month-to-month,Yes,Bank transfer (automatic),55.7,2237.55,5590,0.19090947148090004,55.7,127.60389073783361,0
958,United States,California,San Diego,92119,32.802959,-117.027095,Female,No,Yes,No,54,Yes,Yes,DSL,No,No,No,No,Yes,Yes,One year,Yes,Credit card (automatic),70.15,3715.65,4596,0.1515541601255887,70.15,127.57829199372058,1
1618,United States,California,Columbia,95310,38.085839,-120.37855,Female,No,No,No,5,Yes,No,DSL,Yes,No,No,Yes,No,No,Month-to-month,No,Credit card (automatic),53.85,259.8,5435,0.1943516132389806,53.85,125.59001247502925,1
5782,United States,California,Valley Center,92082,33.25283,-116.986079,Female,No,Yes,Yes,10,Yes,No,DSL,No,Yes,No,Yes,No,Yes,Month-to-month,Yes,Electronic check,65.5,616.9,3137,0.15863621232451644,65.5,124.68806288706992,0
7013,United States,California,Cathedral City,92234,33.829583,-116.474131,Female,No,Yes,No,64,Yes,Yes,Fiber optic,No,Yes,No,Yes,Yes,Yes,Two year,Yes,Bank transfer (automatic),105.4,6794.75,4512,0.09769875964957932,105.4,123.56939120478793,0
5794,United States,California,San Diego,92114,32.707892,-117.05512,Female,Yes,Yes,No,72,Yes,Yes,Fiber optic,Yes,No,Yes,Yes,Yes,Yes,Two year,Yes,Mailed check,109.75,8075.35,6010,0.09377999724479955,109.75,123.50825637140099,0
3183,United States,California,Norwalk,90650,33.905963,-118.08263,Female,No,No,No,28,Yes,Yes,DSL,No,No,No,Yes,No,No,Month-to-month,Yes,Credit card (automatic),54.9,1505.15,2885,0.1868907750667658,54.9,123.12364261398531,0
1187,United States,California,Riverbank,95367,37.734971,-120.954271,Female,No,No,No,39,Yes,No,Fiber optic,No,No,Yes,Yes,No,No,Two year,Yes,Electronic check,80.45,3201.55,2224,0.1274628734237387,80.45,123.05265800327734,1
2544,United States,California,San Francisco,94104,37.791222,-122.402241,Male,No,No,No,19,Yes,No,DSL,No,Yes,No,Yes,No,Yes,One year,Yes,Bank transfer (automatic),65.35,1231.85,2051,0.1562645088320004,65.35,122.54262782605471,0
6461,United States,California,Potter Valley,95469,39.408634,-123.045516,Female,No,Yes,No,59,Yes,Yes,DSL,No,Yes,No,Yes,Yes,Yes,One year,Yes,Electronic check,80.1,4693.2,4093,0.12688428133116397,80.1,121.96117121551481,0
4059,United States,California,Carlotta,95528,40.497283,-123.93037,Male,No,Yes,No,24,Yes,Yes,DSL,Yes,No,No,Yes,No,No,One year,Yes,Electronic check,58.35,1346.9,5428,0.17360384956658248,58.35,121.55741546652106,0
5635,United States,California,Long Beach,90804,33.783047,-118.1486,Female,No,Yes,No,47,Yes,No,DSL,No,Yes,No,No,Yes,No,Month-to-month,Yes,Bank transfer (automatic),58.6,2723.4,2613,0.17240553447302603,58.6,121.23557184143192,0
3396,United States,California,Winterhaven,92283,32.852947,-114.850784,Male,No,Yes,Yes,70,Yes,Yes,Fiber optic,Yes,Yes,No,No,Yes,Yes,Month-to-month,Yes,Electronic check,106.05,7554.05,4583,0.09377999724479955,106.05,119.3444244937319,0
1729,United States,California,Los Molinos,96055,40.059385,-122.091481,Male,No,Yes,No,70,Yes,Yes,Fiber optic,Yes,Yes,Yes,Yes,Yes,Yes,One year,No,Credit card (automatic),115.65,7968.85,5563,0.08578456606261795,115.65,119.0518207817012,1
3265,United States,California,Rancho Cucamonga,91701,34.132275,-117.611478,Male,No,No,Yes,16,Yes,Yes,DSL,Yes,Yes,No,No,No,Yes,Month-to-month,Yes,Electronic check,69.1,1083.7,5172,0.1425869559400614,69.1,118.2331038654989,0
1743,United States,California,Susanville,96130,40.559177,-120.612113,Male,No,Yes,No,55,No,No phone service,DSL,No,No,Yes,Yes,Yes,Yes,Month-to-month,Yes,Bank transfer (automatic),54.55,2978.3,6041,0.17924487520760812,54.55,117.33369531090025,1
2747,United States,California,El Nido,95317,37.127386,-120.506422,Female,Yes,No,No,71,Yes,Yes,Fiber optic,No,No,Yes,No,Yes,Yes,Two year,No,Bank transfer (automatic),104.05,7413.55,4113,0.09377999724479955,104.05,117.0937045598567,0
3494,United States,California,San Clemente,92673,33.4725,-117.584273,Female,No,No,No,69,Yes,Yes,Fiber optic,No,No,Yes,Yes,Yes,Yes,Two year,No,Electronic check,104.0,7028.5,5902,0.09377999724479955,104.0,117.03743656150984,0
5204,United States,California,Newman,95360,37.343846,-121.039391,Female,No,Yes,No,46,No,No phone service,DSL,Yes,Yes,No,No,Yes,No,Month-to-month,No,Electronic check,45.55,2062.15,5565,0.21306330902604195,45.55,116.46040471363453,0
6413,United States,California,Patterson,95363,37.410236,-121.320337,Male,No,Yes,Yes,32,Yes,No,Fiber optic,Yes,Yes,No,No,No,Yes,One year,Yes,Electronic check,90.8,3023.85,2722,0.10628062905474392,90.8,115.80337341804898,0
2535,United States,California,Redwood City,94061,37.461251,-122.235414,Female,No,Yes,No,63,Yes,Yes,Fiber optic,No,No,No,Yes,No,No,One year,Yes,Credit card (automatic),81.2,4965.1,6063,0.11877341473428002,81.2,115.73281531708247,0
5513,United States,California,Markleeville,96120,38.735789,-119.85798,Female,No,No,Yes,4,No,No phone service,DSL,Yes,Yes,Yes,No,Yes,Yes,Month-to-month,Yes,Mailed check,57.2,223.75,2421,0.16788379534259124,57.2,115.23543712315464,0
3896,United States,California,Milpitas,95035,37.441931,-121.878502,Male,No,Yes,No,67,Yes,No,Fiber optic,Yes,Yes,Yes,Yes,Yes,Yes,Two year,Yes,Electronic check,111.05,7321.05,6103,0.08578456606261795,111.05,114.31651273504468,0
4637,United States,California,Fawnskin,92333,34.274846,-116.937581,Male,No,No,No,1,No,No phone service,DSL,No,No,No,Yes,No,No,Month-to-month,No,Mailed check,29.15,29.15,3923,0.3259515746308199,29.15,114.0178608058608,0
3725,United States,California,Carmel By The Sea,93921,36.554618,-121.922239,Female,No,No,No,64,Yes,Yes,Fiber optic,No,Yes,Yes,Yes,Yes,Yes,Two year,Yes,Credit card (automatic),110.5,7069.25,5718,0.08578456606261795,110.5,113.75033459903139,0
5103,United States,California,Aromas,95004,36.878364,-121.629781,Female,No,Yes,No,68,Yes,Yes,Fiber optic,No,No,Yes,No,Yes,No,Two year,Yes,Bank transfer (automatic),89.95,5974.3,5672,0.10488057783139748,89.95,113.20809571121045,0
2787,United States,California,Santa Rosa,95405,38.439696,-122.668817,Female,No,Yes,No,21,No,No phone service,DSL,Yes,No,No,No,No,No,Month-to-month,No,Electronic check,28.5,629.35,3766,0.3299515746308199,28.5,112.84343852374042,0
4680,United States,California,Murrieta,92562,33.548869,-117.334165,Female,No,Yes,No,58,Yes,Yes,Fiber optic,Yes,Yes,No,Yes,Yes,Yes,Two year,Yes,Credit card (automatic),109.1,6393.65,4935,0.08578456606261795,109.1,112.30915388917941,0
4770,United States,California,Santa Barbara,93111,34.460197,-119.802602,Male,No,No,No,19,No,No phone service,DSL,No,No,No,No,No,No,Month-to-month,Yes,Bank transfer (automatic),25.15,468.35,3784,0.3720602563271305,25.15,112.28778535952799,0
1015,United States,California,Costa Mesa,92626,33.678591,-117.905471,Female,No,No,No,35,Yes,Yes,DSL,Yes,No,Yes,Yes,Yes,Yes,One year,Yes,Credit card (automatic),85.95,3110.1,3833,0.1085804027543453,85.95,111.98982740083176,1
3775,United States,California,San Francisco,94127,37.736535,-122.45732,Female,No,Yes,Yes,53,Yes,No,Fiber optic,No,Yes,Yes,Yes,Yes,Yes,Month-to-month,Yes,Bank transfer (automatic),108.25,5935.1,5989,0.08578456606261795,108.25,111.43415131534071,0
4254,United States,California,Igo,96047,40.524535,-122.647172,Male,No,Yes,Yes,12,Yes,No,DSL,No,No,No,No,Yes,No,Month-to-month,Yes,Mailed check,56.3,628.65,2047,0.16224276970156562,56.3,109.61121521037774,0
5930,United States,California,Newport Beach,92663,33.62251,-117.927024,Female,No,Yes,Yes,9,Yes,Yes,DSL,No,Yes,No,No,No,No,Month-to-month,Yes,Mailed check,55.3,501.2,4291,0.16224276970156562,55.3,107.66430197395894,0
3035,United States,California,Mccloud,96057,41.251322,-122.105209,Female,No,Yes,Yes,6,Yes,Yes,DSL,No,No,No,No,No,No,Month-to-month,Yes,Credit card (automatic),48.95,273.25,3061,0.18074670670943963,48.95,106.17061552112484,0
1873,United States,California,Los Angeles,90008,34.008293,-118.346766,Female,No,No,No,10,No,No phone service,DSL,Yes,No,No,No,No,No,Month-to-month,No,Mailed check,29.75,301.9,2013,0.29344168373699414,29.75,104.75868109410692,0
5367,United States,California,Echo Lake,95721,38.851842,-120.076204,Female,No,Yes,No,72,Yes,Yes,Fiber optic,Yes,Yes,Yes,Yes,Yes,Yes,Two year,Yes,Bank transfer (automatic),115.5,8312.75,4697,0.07546710574515762,115.5,104.59740856278847,0
2006,United States,California,Glendale,91205,34.13658,-118.245839,Male,No,Yes,No,33,Yes,No,DSL,Yes,No,Yes,No,Yes,Yes,One year,No,Credit card (automatic),74.75,2453.3,5344,0.11637690057305998,74.75,104.3900798140348,0
1999,United States,California,Sunland,91040,34.282704,-118.312929,Male,No,Yes,No,43,Yes,No,Fiber optic,Yes,No,Yes,Yes,No,No,One year,Yes,Bank transfer (automatic),84.25,3539.25,4382,0.10306265576275217,84.25,104.19634497614243,0
2431,United States,California,Big Pine,93513,37.245505,-118.062943,Male,Yes,Yes,No,72,Yes,Yes,Fiber optic,Yes,Yes,Yes,Yes,Yes,Yes,Two year,Yes,Bank transfer (automatic),114.95,8196.4,6268,0.07546710574515762,114.95,104.09932566487043,0
3799,United States,California,Calistoga,94515,38.629618,-122.593216,Female,No,No,No,72,Yes,Yes,Fiber optic,Yes,Yes,Yes,Yes,Yes,Yes,Two year,Yes,Electronic check,114.9,8496.7,4589,0.07546710574515762,114.9,104.05404540142334,0
2815,United States,California,Manchester,95459,38.966713,-123.586412,Female,Yes,Yes,No,72,Yes,Yes,Fiber optic,Yes,Yes,Yes,Yes,Yes,Yes,Two year,Yes,Bank transfer (automatic),114.85,8317.95,4796,0.07546710574515762,114.85,104.00876513797624,0
3474,United States,California,Winchester,92596,33.657433,-117.04254,Female,No,Yes,No,50,Yes,Yes,DSL,No,Yes,Yes,Yes,Yes,Yes,One year,Yes,Credit card (automatic),84.15,4164.4,4625,0.10248406367017744,84.15,103.48840749414518,0
2890,United States,California,Lotus,95651,38.815515,-120.916997,Female,No,Yes,Yes,12,Yes,No,DSL,No,No,Yes,No,Yes,No,Month-to-month,Yes,Credit card (automatic),58.35,740.55,5068,0.14757505014254169,58.35,103.33205010980768,0
3253,United States,California,Panorama City,91402,34.223768,-118.445461,Male,No,Yes,No,72,Yes,Yes,Fiber optic,Yes,Yes,Yes,Yes,Yes,Yes,Two year,Yes,Credit card (automatic),114.1,8086.4,4965,0.07546710574515762,114.1,103.32956118626981,0
6800,United States,California,Topanga,90290,34.115192,-118.61017,Male,No,Yes,Yes,28,Yes,No,Fiber optic,No,Yes,Yes,No,Yes,Yes,One year,No,Bank transfer (automatic),100.35,2799.0,3411,0.08578456606261795,100.35,103.30177445260453,0
2196,United States,California,Barstow,92311,34.965648,-117.001509,Male,No,Yes,No,72,Yes,Yes,Fiber optic,Yes,Yes,Yes,Yes,Yes,Yes,Two year,Yes,Credit card (automatic),114.05,8468.2,4842,0.07546710574515762,114.05,103.28428092282272,0
4462,United States,California,Sylmar,91342,34.321621,-118.399841,Female,No,No,No,70,Yes,Yes,Fiber optic,Yes,Yes,Yes,Yes,Yes,Yes,Two year,Yes,Bank transfer (automatic),113.65,7939.25,6424,0.07455135482940671,113.65,101.67313771634488,0
4862,United States,California,Keeler,93530,36.560498,-117.962461,Female,No,No,No,14,Yes,No,DSL,Yes,No,No,No,No,No,Month-to-month,No,Bank transfer (automatic),50.1,709.5,2331,0.16788379534259124,50.1,100.93173775996584,0
4544,United States,California,El Cajon,92020,32.79697,-116.969082,Female,Yes,Yes,Yes,62,Yes,Yes,Fiber optic,No,Yes,Yes,No,No,Yes,Month-to-month,Yes,Credit card (automatic),96.1,6019.35,5868,0.08730681430617766,96.1,100.68221825788407,0
4646,United States,California,Lytle Creek,92358,34.238162,-117.534306,Male,No,Yes,No,72,Yes,Yes,Fiber optic,Yes,No,Yes,Yes,Yes,Yes,Two year,Yes,Credit card (automatic),110.9,8240.85,4938,0.07546710574515762,110.9,100.43162432565576,0
5860,United States,California,Helendale,92342,34.757783,-117.33997,Male,Yes,Yes,No,61,Yes,Yes,Fiber optic,No,Yes,No,Yes,No,No,One year,Yes,Bank transfer (automatic),85.55,5251.75,4845,0.09769875964957932,85.55,100.2975466562581,0
5631,United States,California,Wilmington,90744,33.782068,-118.262263,Female,No,Yes,No,72,Yes,Yes,Fiber optic,Yes,No,Yes,Yes,Yes,Yes,Two year,Yes,Credit card (automatic),110.15,7881.2,4498,0.07546710574515762,110.15,99.75242037394935,0
3442,United States,California,San Bernardino,92411,34.122501,-117.320138,Female,No,No,No,21,Yes,No,DSL,Yes,No,Yes,No,No,Yes,One year,No,Mailed check,64.85,1336.8,3302,0.12789706419406394,64.85,99.52949535582056,0
6007,United States,California,Lemoore,93245,36.303666,-119.825657,Male,No,No,No,40,Yes,No,DSL,No,No,No,Yes,No,No,Month-to-month,Yes,Electronic check,51.1,2092.9,3355,0.16224276970156562,51.1,99.48726638100004,0
2764,United States,California,Midpines,95345,37.581496,-119.972762,Female,No,No,Yes,9,Yes,No,DSL,No,No,No,Yes,Yes,Yes,Month-to-month,Yes,Credit card (automatic),69.4,571.45,5108,0.11877341473428002,69.4,98.9144997907084,0
969,United States,California,Brawley,92227,33.03933,-115.191857,Female,No,Yes,No,67,Yes,Yes,Fiber optic,Yes,No,Yes,Yes,Yes,Yes,Two year,Yes,Credit card (automatic),108.75,7156.2,5516,0.07546710574515762,108.75,98.48457299743069,1
2477,United States,California,Los Banos,93635,36.995162,-120.955099,Male,No,Yes,No,71,Yes,Yes,Fiber optic,Yes,No,Yes,Yes,Yes,Yes,Two year,Yes,Credit card (automatic),108.55,7616.0,4111,0.07546710574515762,108.55,98.3034519436423,0
4169,United States,California,Sacramento,95833,38.619049,-121.517552,Female,Yes,Yes,Yes,70,Yes,Yes,Fiber optic,No,Yes,Yes,Yes,Yes,Yes,One year,Yes,Electronic check,107.9,7475.85,5899,0.07546710574515762,107.9,97.7148085188301,0
4851,United States,California,Mojave,93501,35.097323,-118.171288,Female,No,No,No,44,Yes,Yes,DSL,No,No,No,No,No,No,Month-to-month,Yes,Mailed check,50.15,2139.1,5790,0.16224276970156562,50.15,97.6376988064022,0
3916,United States,California,San Jose,95122,37.32886,-121.834567,Female,No,Yes,Yes,13,Yes,No,DSL,Yes,No,Yes,No,No,Yes,Month-to-month,Yes,Mailed check,63.15,816.8,5916,0.12789706419406394,63.15,96.92039524626165,0
1073,United States,California,Ridgecrest,93555,35.603913,-117.67828,Male,No,Yes,No,22,Yes,No,DSL,Yes,No,Yes,Yes,Yes,No,One year,Yes,Bank transfer (automatic),67.5,1544.05,3378,0.11877341473428002,67.5,96.20646593476681,1
5936,United States,California,Rancho Santa Margarita,92688,33.624654,-117.611733,Female,No,No,No,55,Yes,Yes,Fiber optic,Yes,No,Yes,No,No,No,One year,Yes,Credit card (automatic),84.25,4589.85,5735,0.09506722458057058,84.25,96.11296405095686,0
5376,United States,California,Sacramento,95814,38.584505,-121.491956,Male,No,No,No,9,No,No phone service,DSL,Yes,Yes,Yes,No,No,No,One year,No,Mailed check,39.55,373.0,3755,0.2017022291610251,39.55,95.72787795982251,0
2699,United States,California,San Jose,95126,37.327069,-121.916819,Male,No,Yes,No,25,Yes,No,DSL,Yes,Yes,Yes,No,No,No,One year,Yes,Bank transfer (automatic),61.6,1611.0,3807,0.1291071074098931,61.6,95.43597379739298,0
6555,United States,California,Somerset,95684,38.606703,-120.586659,Male,Yes,No,No,67,Yes,No,Fiber optic,Yes,Yes,No,Yes,Yes,Yes,Two year,Yes,Electronic check,105.05,7171.7,4143,0.07546710574515762,105.05,95.1338335023457,0
3151,United States,California,Maywood,90270,33.988572,-118.186565,Female,No,Yes,No,66,Yes,Yes,Fiber optic,No,Yes,Yes,Yes,No,No,One year,Yes,Bank transfer (automatic),90.55,6130.95,4958,0.08730681430617766,90.55,94.86758442509264,0
5453,United States,California,Cassel,96016,40.936285,-121.572692,Male,No,Yes,No,64,Yes,No,Fiber optic,Yes,Yes,No,Yes,Yes,Yes,Two year,Yes,Credit card (automatic),104.05,6605.55,4337,0.07546710574515762,104.05,94.2282282334038,0
1555,United States,California,San Francisco,94132,37.722302,-122.491129,Male,Yes,Yes,No,46,No,No phone service,DSL,No,Yes,Yes,Yes,Yes,Yes,One year,Yes,Bank transfer (automatic),59.9,2816.65,4011,0.13106943080078787,59.9,94.21270685960631,1
2532,United States,California,Moss Beach,94038,37.515556,-122.502311,Male,No,Yes,Yes,37,Yes,No,Fiber optic,No,No,No,No,Yes,Yes,One year,No,Credit card (automatic),91.2,3247.55,5263,0.08578456606261795,91.2,93.88262909892907,0
3593,United States,California,Tupman,93276,35.316263,-119.402559,Female,No,Yes,No,68,Yes,Yes,Fiber optic,Yes,Yes,Yes,Yes,Yes,Yes,Two year,No,Bank transfer (automatic),114.9,7843.55,5782,0.06805890230546578,114.9,93.83961449877623,0
5021,United States,California,Hercules,94547,37.991259,-122.214945,Female,No,No,No,1,Yes,Yes,No,No internet service,No internet service,No internet service,No internet service,No internet service,No internet service,Month-to-month,Yes,Mailed check,25.75,25.75,2569,0.3036299047448873,25.75,93.82164056617019,0
3014,United States,California,Castella,96017,41.121108,-122.336613,Female,No,Yes,No,31,Yes,Yes,DSL,No,Yes,No,Yes,Yes,Yes,Two year,No,Bank transfer (automatic),80.55,2471.6,3491,0.0961765114060196,80.55,92.96421592505854,0
495,United States,California,North Hollywood,91605,34.207295,-118.400022,Female,No,Yes,No,1,Yes,No,No,No internet service,No internet service,No internet service,No internet service,No internet service,No internet service,Month-to-month,Yes,Electronic check,21.0,21.0,3753,0.3680602563271305,21.0,92.75118459443689,1
3160,United States,California,Inglewood,90302,33.975332,-118.355252,Female,No,No,No,50,Yes,No,Fiber optic,No,No,Yes,Yes,No,Yes,Two year,Yes,Bank transfer (automatic),89.7,4304.5,5306,0.08578456606261795,89.7,92.33850690980196,0
4165,United States,California,Sacramento,95828,38.486938,-121.395805,Male,No,Yes,No,72,Yes,Yes,Fiber optic,Yes,Yes,No,Yes,No,Yes,Two year,Yes,Bank transfer (automatic),100.55,7325.1,6082,0.07546710574515762,100.55,91.05860979210718,0
6396,United States,California,Hilmar,95324,37.394536,-120.890747,Female,No,No,No,1,No,No phone service,DSL,No,No,No,No,No,No,One year,No,Mailed check,25.85,25.85,4467,0.29344168373699414,25.85,91.02561029521559,0
6118,United States,California,Parlier,93648,36.622237,-119.521126,Female,No,No,No,35,Yes,No,DSL,Yes,Yes,Yes,No,No,No,Month-to-month,No,Electronic check,60.55,1982.6,3463,0.12296377721139791,60.55,89.34548052180172,0
1840,United States,California,Poway,92064,32.984395,-117.013454,Male,No,Yes,No,70,Yes,Yes,Fiber optic,No,Yes,No,No,Yes,Yes,Two year,No,Bank transfer (automatic),98.3,6859.5,4794,0.07546710574515762,98.3,89.02099793698792,1
6362,United States,California,Avery,95224,38.208336,-120.339938,Male,No,No,No,18,No,No phone service,DSL,No,No,No,No,No,No,Month-to-month,No,Mailed check,25.15,476.8,2675,0.29344168373699414,25.15,88.56070015182482,0
3125,United States,California,Los Angeles,90064,34.037251,-118.423573,Male,No,No,No,69,Yes,Yes,Fiber optic,No,Yes,Yes,Yes,Yes,No,Two year,Yes,Credit card (automatic),97.65,6743.55,5709,0.07546333342376604,97.65,88.42793410596906,0
121,United States,California,Wrightwood,92397,34.358321,-117.618263,Female,No,Yes,No,48,No,No phone service,DSL,Yes,No,Yes,No,No,Yes,Month-to-month,Yes,Bank transfer (automatic),45.3,2145.0,4926,0.16224276970156562,45.3,88.19516960977106,1
2257,United States,California,Sun City,92585,33.739412,-117.173334,Male,No,Yes,Yes,55,Yes,Yes,Fiber optic,No,No,No,No,No,Yes,Month-to-month,No,Bank transfer (automatic),85.5,4713.4,6411,0.08578456606261795,85.5,88.014964780246,0
2226,United States,California,Shoshone,92384,35.924252,-116.188668,Male,Yes,Yes,Yes,35,Yes,No,DSL,No,Yes,No,Yes,Yes,Yes,Month-to-month,Yes,Electronic check,76.05,2747.2,5479,0.0961765114060196,76.05,87.77068430913349,0
4373,United States,California,Redondo Beach,90277,33.830453,-118.384565,Male,No,No,No,26,Yes,Yes,DSL,Yes,Yes,No,No,No,No,One year,No,Electronic check,61.55,1581.95,5156,0.11877341473428002,61.55,87.72604412273921,0
3515,United States,California,Anaheim,92808,33.850452,-117.726668,Female,No,Yes,No,41,Yes,Yes,DSL,Yes,Yes,Yes,No,Yes,No,One year,Yes,Credit card (automatic),78.35,3211.2,2894,0.09296638424443612,78.35,87.40699446661884,0
5687,United States,California,Woodland Hills,91364,34.153733,-118.593408,Male,No,Yes,Yes,4,Yes,No,DSL,No,No,No,No,No,No,Month-to-month,No,Electronic check,44.8,169.65,2114,0.16224276970156562,44.8,87.22171299156167,0
902,United States,California,Sunset Beach,90742,33.719221,-118.073596,Male,No,Yes,Yes,4,Yes,No,DSL,No,No,No,Yes,No,Yes,Month-to-month,No,Credit card (automatic),61.45,229.55,2131,0.11819482264170529,61.45,87.15686221599348,1
1795,United States,California,Agoura Hills,91301,34.129058,-118.759788,Male,No,Yes,Yes,2,Yes,Yes,DSL,Yes,No,No,No,No,No,Month-to-month,No,Mailed check,56.7,113.55,5560,0.12789706419406394,56.7,87.0211624776411,1
3029,United States,California,Hornbrook,96044,41.962127,-122.527696,Male,No,Yes,Yes,47,Yes,No,Fiber optic,Yes,Yes,Yes,No,No,Yes,One year,Yes,Electronic check,96.1,4391.45,5793,0.07521176406917063,96.1,86.73420632456757,0
1767,United States,California,Downey,90241,33.940884,-118.128628,Female,No,No,No,48,Yes,No,Fiber optic,No,Yes,Yes,Yes,Yes,No,Two year,Yes,Mailed check,95.5,4627.85,2459,0.07546710574515762,95.5,86.48530318395063,1
2701,United States,California,San Jose,95130,37.277592,-121.986477,Female,No,Yes,No,23,Yes,No,DSL,Yes,Yes,Yes,Yes,No,No,One year,Yes,Mailed check,66.25,1533.8,2072,0.10780287729830365,66.25,85.70328745215141,0
3400,United States,California,Fort Irwin,92310,35.349241,-116.770281,Female,No,No,No,36,Yes,Yes,DSL,No,No,Yes,No,No,No,One year,No,Electronic check,55.8,1941.5,4770,0.12789706419406394,55.8,85.63987418434522,0
5632,United States,California,Carson,90745,33.822295,-118.26411,Female,No,Yes,Yes,28,Yes,No,Fiber optic,Yes,No,No,No,No,Yes,One year,Yes,Bank transfer (automatic),82.85,2320.8,5802,0.08578456606261795,82.85,85.28701557945476,0
1677,United States,California,Mather,95655,38.549822,-121.266725,Male,Yes,Yes,Yes,1,Yes,No,DSL,No,No,No,Yes,No,No,Month-to-month,Yes,Credit card (automatic),49.25,49.25,4478,0.14424171680920836,49.25,85.24685463424214,1
6920,United States,California,Monterey Park,91754,34.050322,-118.147037,Female,No,Yes,No,63,Yes,No,Fiber optic,Yes,No,Yes,No,No,No,One year,Yes,Credit card (automatic),81.15,5224.5,5294,0.08730681430617766,81.15,85.01937577135581,0
3083,United States,California,Olympic Valley,96146,39.191797,-120.212401,Male,Yes,Yes,Yes,60,Yes,Yes,Fiber optic,Yes,No,No,No,No,No,Month-to-month,Yes,Electronic check,80.95,4859.1,6214,0.08730681430617766,80.95,84.80983941702098,0
2346,United States,California,Santa Barbara,93103,34.438581,-119.685368,Female,No,Yes,No,46,Yes,Yes,DSL,Yes,No,No,No,No,No,Month-to-month,No,Bank transfer (automatic),55.0,2473.95,5928,0.1274628734237387,55.0,84.12549645966753,0
2507,United States,California,Salinas,93906,36.722898,-121.633648,Male,No,No,No,2,Yes,Yes,No,No internet service,No internet service,No internet service,No internet service,No internet service,No internet service,Month-to-month,No,Mailed check,24.85,62.0,5983,0.2805271514455056,24.85,83.65319656104978,0
3671,United States,California,Bass Lake,93604,37.458367,-119.345011,Female,No,No,Yes,14,Yes,No,DSL,No,No,Yes,No,Yes,No,Month-to-month,Yes,Credit card (automatic),59.8,824.85,5962,0.11634751341402387,59.8,83.49097562590353,0
6665,United States,California,Forks Of Salmon,96031,41.232128,-123.194748,Male,No,Yes,Yes,63,Yes,Yes,Fiber optic,No,Yes,No,No,No,Yes,One year,Yes,Electronic check,91.35,5764.7,4512,0.07546710574515762,91.35,82.72704131784178,0
840,United States,California,Fort Jones,96032,41.5837,-122.935922,Female,No,Yes,Yes,1,Yes,No,DSL,No,No,Yes,No,No,No,Month-to-month,No,Mailed check,50.45,50.45,2426,0.13658652288352263,50.45,82.68948095368461,1
6988,United States,California,San Diego,92106,32.71346,-117.236378,Female,No,Yes,No,49,No,No phone service,DSL,No,Yes,No,Yes,Yes,Yes,One year,Yes,Credit card (automatic),56.3,2780.6,5913,0.1223799721113292,56.3,82.679909158414,0
6195,United States,California,San Francisco,94129,37.797526,-122.464531,Female,No,No,No,34,Yes,No,DSL,Yes,No,Yes,Yes,Yes,Yes,One year,Yes,Bank transfer (automatic),79.95,2727.3,3570,0.08578456606261795,79.95,82.30171268047566,0
2653,United States,California,Petaluma,94952,38.237018,-122.77872,Female,No,Yes,No,34,Yes,No,DSL,No,No,No,Yes,No,No,Month-to-month,No,Bank transfer (automatic),50.2,1815.3,4352,0.13658652288352263,50.2,82.27972138503404,0
4906,United States,California,Orosi,93647,36.600185,-119.175655,Male,No,Yes,Yes,26,Yes,No,Fiber optic,No,No,No,No,No,Yes,One year,No,Bank transfer (automatic),78.95,2034.25,4237,0.08578456606261795,78.95,81.27229788772424,0
1151,United States,California,Santa Clara,95050,37.351214,-121.952417,Male,No,No,No,39,No,No phone service,DSL,Yes,Yes,No,Yes,Yes,No,Month-to-month,Yes,Credit card (automatic),48.95,1880.85,3080,0.13770906039394826,48.95,80.8903020754052,1
2793,United States,California,Cobb,95426,38.838088,-122.73203,Female,Yes,Yes,No,55,Yes,No,Fiber optic,No,No,Yes,Yes,Yes,No,Two year,No,Credit card (automatic),88.8,4805.3,4291,0.07546710574515762,88.8,80.41774788203996,0
4651,United States,California,Redlands,92374,34.064073,-117.166158,Male,No,Yes,No,43,Yes,No,DSL,No,No,No,No,Yes,No,One year,Yes,Mailed check,56.35,2391.15,4928,0.11877341473428002,56.35,80.31458304332016,0
5898,United States,California,Moreno Valley,92551,33.88274,-117.224878,Female,No,No,No,26,Yes,No,DSL,No,Yes,Yes,No,No,No,One year,Yes,Mailed check,56.05,1553.2,3079,0.11877341473428002,56.05,79.88699875027673,0
5471,United States,California,Igo,96047,40.524535,-122.647172,Female,Yes,No,No,46,Yes,Yes,DSL,No,No,Yes,Yes,No,Yes,One year,Yes,Credit card (automatic),69.1,3255.35,3856,0.09448863248799586,69.1,78.34997405904616,0
2472,United States,California,Fowler,93625,36.625792,-119.672483,Female,Yes,Yes,No,70,Yes,Yes,Fiber optic,No,No,No,No,No,No,Two year,Yes,Credit card (automatic),75.65,5411.4,4181,0.08578456606261795,75.65,77.87522907164457,0
5415,United States,California,Forest Ranch,95942,40.077028,-121.494168,Female,No,No,No,28,Yes,No,DSL,No,Yes,No,Yes,No,No,Month-to-month,No,Bank transfer (automatic),54.65,1517.5,3185,0.11819482264170529,54.65,77.51216468843033,0
5147,United States,California,San Jose,95135,37.28682,-121.723877,Female,No,No,Yes,19,Yes,No,DSL,Yes,Yes,Yes,No,No,No,Month-to-month,Yes,Electronic check,60.6,1297.8,2463,0.10628062905474392,60.6,77.28727344860978,0
4936,United States,California,Carmel By The Sea,93921,36.554618,-121.922239,Male,No,No,No,26,Yes,No,DSL,Yes,No,No,Yes,Yes,Yes,One year,No,Bank transfer (automatic),75.0,1908.35,4705,0.08578456606261795,75.0,77.20610945635615,0
4415,United States,California,Surfside,90743,33.728273,-118.085304,Female,No,Yes,Yes,52,Yes,Yes,Fiber optic,No,Yes,Yes,No,Yes,No,One year,Yes,Credit card (automatic),95.7,4976.15,4415,0.06585498108448928,95.7,75.62786027742749,0
3314,United States,California,La Mesa,91942,32.782501,-117.01611,Female,No,No,No,72,Yes,Yes,Fiber optic,Yes,Yes,Yes,No,Yes,No,Two year,Yes,Bank transfer (automatic),101.3,7261.25,5513,0.06176141383302729,101.3,75.07717465542797,0
3180,United States,California,La Habra,90631,33.940619,-117.9513,Male,No,Yes,Yes,1,Yes,No,DSL,Yes,No,No,No,No,No,Month-to-month,Yes,Mailed check,48.75,48.75,5068,0.12789706419406394,48.75,74.8197825535274,0
1001,United States,California,Riverside,92506,33.930931,-117.361788,Female,No,No,No,31,Yes,Yes,DSL,Yes,No,Yes,Yes,No,No,Month-to-month,No,Credit card (automatic),65.25,1994.3,4403,0.09530224548835928,65.25,74.62165821738532,1
5005,United States,California,Antioch,94509,37.980057,-121.801599,Female,No,Yes,Yes,10,Yes,No,DSL,No,Yes,Yes,No,No,Yes,One year,Yes,Mailed check,65.9,660.05,5289,0.09296638424443612,65.9,73.51781666050009,0
3117,United States,California,Los Angeles,90044,33.952714,-118.292061,Male,No,Yes,No,72,Yes,Yes,Fiber optic,Yes,Yes,Yes,Yes,Yes,Yes,Two year,No,Credit card (automatic),114.45,8375.05,6274,0.05313542233344213,114.45,72.97618903274942,0
4955,United States,California,Los Altos,94022,37.349546,-122.134356,Female,No,No,No,1,Yes,No,No,No internet service,No internet service,No internet service,No internet service,No internet service,No internet service,Month-to-month,No,Electronic check,20.7,20.7,3061,0.29270094299625343,20.7,72.70691424026934,0
383,United States,California,Sacramento,95826,38.542532,-121.378826,Male,No,No,No,1,Yes,No,No,No internet service,No internet service,No internet service,No internet service,No internet service,No internet service,Month-to-month,No,Electronic check,20.55,20.55,5636,0.29270094299625343,20.55,72.1800525428761,1
4231,United States,California,Callahan,96014,41.388397,-122.794636,Female,No,No,No,50,Yes,Yes,DSL,No,Yes,No,Yes,Yes,Yes,Two year,Yes,Mailed check,79.6,4024.2,5592,0.07546710574515762,79.6,72.08617940777455,0
2361,United States,California,Hanford,93230,36.29223,-119.622676,Male,No,Yes,No,45,Yes,No,DSL,Yes,Yes,Yes,No,Yes,Yes,One year,No,Bank transfer (automatic),78.8,3597.5,4192,0.07546710574515762,78.8,71.36169519262104,0
1674,United States,California,Jackson,95642,38.336216,-120.76901,Male,No,No,Yes,1,Yes,No,DSL,No,No,No,Yes,No,No,Month-to-month,Yes,Mailed check,49.9,49.9,3113,0.11819482264170529,49.9,70.77505979785313,1
961,United States,California,San Diego,92127,33.017518,-117.118456,Male,No,No,No,1,Yes,No,No,No internet service,No internet service,No internet service,No internet service,No internet service,No internet service,Month-to-month,Yes,Mailed check,20.1,20.1,4933,0.29270094299625343,20.1,70.59946745069632,1
6383,United States,California,Atwater,95301,37.321233,-120.656354,Female,No,No,No,67,No,No phone service,DSL,No,No,Yes,Yes,Yes,Yes,Month-to-month,Yes,Credit card (automatic),53.4,3579.15,5990,0.10969333464743583,53.4,70.29148884207687,0
1482,United States,California,Ivanhoe,93235,36.385818,-119.224243,Male,No,No,No,1,Yes,No,No,No internet service,No internet service,No internet service,No internet service,No internet service,No internet service,Month-to-month,Yes,Bank transfer (automatic),20.2,20.2,5394,0.28900385328956757,20.2,70.05453403739116,1
6845,United States,California,Long Beach,90806,33.802664,-118.179971,Male,No,No,No,1,Yes,No,No,No internet service,No internet service,No internet service,No internet service,No internet service,No internet service,Month-to-month,Yes,Mailed check,19.9,19.9,4590,0.2915898318851423,19.9,69.63165185417198,0
6355,United States,California,Stockton,95206,37.902422,-121.440029,Male,No,Yes,Yes,21,Yes,Yes,DSL,Yes,No,No,No,Yes,Yes,One year,Yes,Bank transfer (automatic),75.9,1549.75,3503,0.07546710574515762,75.9,68.73543991268957,0
3201,United States,California,Long Beach,90803,33.760458,-118.129725,Male,No,Yes,No,7,No,No phone service,DSL,Yes,Yes,Yes,No,No,No,Two year,No,Mailed check,38.55,280.0,3345,0.14757505014254169,38.55,68.26821819593978,0
3473,United States,California,Wildomar,92595,33.617108,-117.253349,Male,Yes,Yes,No,71,Yes,No,Fiber optic,No,Yes,Yes,Yes,No,Yes,Two year,Yes,Credit card (automatic),95.5,6707.15,6412,0.059362528560548355,95.5,68.02945773038842,0
3165,United States,California,Santa Monica,90403,34.031529,-118.491156,Female,Yes,No,No,44,Yes,No,DSL,No,No,Yes,Yes,Yes,Yes,One year,No,Bank transfer (automatic),74.85,3268.05,3253,0.07546710574515762,74.85,67.78455438030058,0
6033,United States,California,Bakersfield,93311,35.16207,-119.194488,Male,No,No,No,4,Yes,No,No,No internet service,No internet service,No internet service,No internet service,No internet service,No internet service,Month-to-month,Yes,Electronic check,19.85,63.0,5918,0.2840285343238448,19.85,67.65559687593984,0
3859,United States,California,Bodega Bay,94923,38.377165,-123.037957,Male,No,Yes,No,52,Yes,Yes,DSL,Yes,Yes,Yes,Yes,No,Yes,One year,Yes,Credit card (automatic),81.4,4354.45,4628,0.06897465322121671,81.4,67.3744412664845,0
674,United States,California,Concord,94521,37.971421,-121.971504,Male,No,Yes,Yes,7,No,No phone service,DSL,Yes,No,No,Yes,No,No,Month-to-month,Yes,Electronic check,34.5,279.25,3520,0.16224276970156562,34.5,67.16850665644816,1
2989,United States,California,Palermo,95968,39.435756,-121.552071,Female,No,Yes,No,3,Yes,No,No,No internet service,No internet service,No internet service,No internet service,No internet service,No internet service,Month-to-month,Yes,Mailed check,19.6,55.25,2941,0.2840285343238448,19.6,66.8035112729683,0
4245,United States,California,French Gulch,96033,40.740138,-122.587476,Female,No,No,No,2,Yes,No,No,No internet service,No internet service,No internet service,No internet service,No internet service,No internet service,Month-to-month,Yes,Mailed check,20.45,42.45,2606,0.27215861562465776,20.45,66.78772427429101,0
773,United States,California,Bridgeville,95526,40.372532,-123.525626,Female,No,Yes,Yes,3,No,No phone service,DSL,No,No,No,Yes,No,No,Month-to-month,Yes,Mailed check,31.0,95.05,5122,0.17924487520760812,31.0,66.67909357723022,1
5402,United States,California,Biggs,95917,39.457388,-121.818201,Female,No,No,No,1,Yes,No,No,No internet service,No internet service,No internet service,No internet service,No internet service,No internet service,Month-to-month,Yes,Mailed check,19.55,19.55,5607,0.2840285343238448,19.55,66.63309415237399,0
4593,United States,California,Blythe,92225,33.674583,-114.71612,Female,No,No,No,37,Yes,Yes,DSL,Yes,No,No,No,Yes,No,One year,No,Bank transfer (automatic),64.65,2347.85,5255,0.08578456606261795,64.65,66.551666351379,0
1924,United States,California,El Segundo,90245,33.917145,-118.401554,Female,No,No,Yes,3,Yes,No,DSL,Yes,No,No,Yes,No,Yes,Month-to-month,Yes,Bank transfer (automatic),64.5,177.4,5613,0.08578456606261795,64.5,66.39725413246629,0
6047,United States,California,Los Olivos,93441,34.70434,-120.02609,Female,Yes,Yes,No,34,Yes,No,DSL,No,No,Yes,Yes,Yes,No,One year,No,Bank transfer (automatic),64.2,2106.3,2225,0.08578456606261795,64.2,66.08842969464087,0
1116,United States,California,Concord,94520,38.013825,-122.039144,Female,No,No,No,3,Yes,No,No,No internet service,No internet service,No internet service,No internet service,No internet service,No internet service,Month-to-month,Yes,Mailed check,19.6,59.75,5000,0.28033144461715886,19.6,65.93395577395577,1
3347,United States,California,San Diego,92109,32.787836,-117.232376,Male,No,Yes,Yes,53,Yes,Yes,DSL,Yes,No,Yes,Yes,Yes,Yes,Month-to-month,No,Electronic check,85.7,4616.1,5957,0.06396533505400381,85.7,65.78195056953753,0
617,United States,California,Los Osos,93402,35.279984,-120.824288,Female,No,No,Yes,1,Yes,No,DSL,No,No,No,No,No,No,Month-to-month,No,Mailed check,45.95,45.95,4563,0.11877341473428002,45.95,65.491660884482,1
5171,United States,California,Valley Springs,95252,38.156971,-120.849231,Female,No,No,No,3,Yes,No,No,No internet service,No internet service,No internet service,No internet service,No internet service,No internet service,Month-to-month,No,Electronic check,19.55,61.05,3889,0.2790156362888026,19.55,65.45706827335309,0
1325,United States,California,Topanga,90290,34.115192,-118.61017,Female,No,No,No,1,Yes,No,No,No internet service,No internet service,No internet service,No internet service,No internet service,No internet service,Month-to-month,Yes,Bank transfer (automatic),20.2,20.2,3061,0.26985525414096845,20.2,65.41291360377076,1
5183,United States,California,El Nido,95317,37.127386,-120.506422,Male,No,No,No,1,Yes,No,No,No internet service,No internet service,No internet service,No internet service,No internet service,No internet service,Month-to-month,Yes,Credit card (automatic),19.75,19.75,5809,0.2755695098552241,19.75,65.30997383568811,0
1471,United States,California,Summerland,93067,34.420998,-119.60137,Male,No,No,No,1,Yes,No,No,No internet service,No internet service,No internet service,No internet service,No internet service,No internet service,Month-to-month,Yes,Mailed check,19.3,19.3,4266,0.28152369498973717,19.3,65.20088775962313,1
2720,United States,California,Arnold,95223,38.32153,-120.236358,Female,No,No,No,1,Yes,No,No,No internet service,No internet service,No internet service,No internet service,No internet service,No internet service,Month-to-month,No,Electronic check,18.85,18.85,5084,0.2840285343238448,18.85,64.2472544640537,0
4212,United States,California,Princeton,95970,39.424957,-122.039307,Male,No,Yes,No,58,No,No phone service,DSL,No,No,No,No,Yes,Yes,One year,Yes,Credit card (automatic),45.0,2689.35,5006,0.11877341473428002,45.0,64.13764395651121,0
5512,United States,California,Madeline,96119,41.042003,-120.506086,Male,No,Yes,Yes,27,Yes,No,Fiber optic,Yes,Yes,No,No,No,No,One year,Yes,Credit card (automatic),80.65,2209.75,5856,0.06585498108448928,80.65,63.73445069356873,0
6057,United States,California,Santa Ynez,93460,34.630356,-120.032564,Female,No,Yes,No,33,Yes,No,DSL,No,No,No,Yes,No,No,One year,Yes,Mailed check,51.45,1758.9,4935,0.10248406367017744,51.45,63.27366090996756,0
5326,United States,California,Isleton,95641,38.154823,-121.601358,Female,Yes,No,No,72,Yes,Yes,Fiber optic,Yes,Yes,Yes,Yes,No,Yes,Two year,Yes,Bank transfer (automatic),107.4,7748.75,5294,0.04904185508198015,107.4,63.20514282965601,0
6904,United States,California,North Hollywood,91606,34.187599,-118.387125,Female,No,Yes,Yes,18,Yes,No,DSL,No,No,No,No,Yes,No,Month-to-month,No,Mailed check,55.95,1082.8,2035,0.09377999724479955,55.95,62.96389015015841,0
4828,United States,California,Bradley,93426,35.842889,-121.004862,Female,No,Yes,Yes,7,Yes,No,DSL,Yes,Yes,Yes,No,Yes,No,One year,No,Electronic check,69.45,477.05,3334,0.07546710574515762,69.45,62.89428592801436,0
1011,United States,California,Irvine,92602,33.720359,-117.733655,Female,No,Yes,No,57,Yes,No,DSL,Yes,No,No,No,Yes,Yes,One year,Yes,Bank transfer (automatic),70.1,3913.3,4669,0.07455135482940671,70.1,62.712599682496915,1
2643,United States,California,Bolinas,94924,37.943087,-122.72379,Female,No,No,No,8,Yes,No,DSL,Yes,No,No,Yes,No,No,One year,No,Bank transfer (automatic),54.25,447.75,2237,0.09530224548835928,54.25,62.04176181292189,0
4827,United States,California,Avila Beach,93424,35.186644,-120.728305,Female,No,No,No,28,Yes,Yes,DSL,Yes,No,Yes,No,No,No,One year,No,Mailed check,59.0,1654.45,4891,0.08730681430617766,59.0,61.81322452877378,0
4005,United States,California,Santa Rosa,95403,38.488431,-122.752839,Male,No,No,No,1,Yes,No,No,No internet service,No internet service,No internet service,No internet service,No internet service,No internet service,Month-to-month,No,Mailed check,20.45,20.45,2664,0.25135131713309444,20.45,61.68161322446137,0
5926,United States,California,Aliso Viejo,92656,33.571259,-117.731917,Female,No,No,No,28,Yes,No,DSL,Yes,Yes,No,Yes,No,No,One year,Yes,Electronic check,59.9,1654.7,4131,0.08578456606261795,59.9,61.661946085809774,0
3944,United States,California,French Camp,95231,37.873283,-121.292034,Female,Yes,Yes,Yes,65,Yes,Yes,Fiber optic,No,No,Yes,Yes,Yes,Yes,One year,Yes,Bank transfer (automatic),103.9,6767.1,5669,0.04904185508198015,103.9,61.14538491621285,0
5902,United States,California,Murrieta,92562,33.548869,-117.334165,Female,Yes,Yes,No,71,Yes,No,Fiber optic,No,Yes,Yes,No,No,Yes,Two year,No,Credit card (automatic),89.45,6435.25,6004,0.05653189336723099,89.45,60.681334340385746,0
4485,United States,California,Studio City,91604,34.139082,-118.39275,Female,No,Yes,No,49,No,No phone service,DSL,Yes,No,No,No,Yes,No,Month-to-month,No,Bank transfer (automatic),40.65,2070.75,5565,0.1223799721113292,40.65,59.696950395906384,0
2858,United States,California,Willow Creek,95573,40.949012,-123.655847,Male,No,Yes,No,64,Yes,No,DSL,Yes,No,Yes,No,Yes,Yes,One year,Yes,Credit card (automatic),73.05,4688.65,4515,0.06805890230546578,73.05,59.6604337609713,0
3256,United States,California,Van Nuys,91406,34.195685,-118.490752,Male,No,No,No,3,Yes,No,No,No internet service,No internet service,No internet service,No internet service,No internet service,No internet service,Month-to-month,Yes,Credit card (automatic),20.75,67.1,2406,0.23759456417854968,20.75,59.16104648045887,0
1129,United States,California,Deer Park,94576,38.554383,-122.474773,Female,No,Yes,Yes,35,Yes,Yes,DSL,Yes,No,Yes,Yes,Yes,No,Month-to-month,No,Electronic check,72.25,2568.55,5898,0.06805890230546578,72.25,59.00706829883883,1
2475,United States,California,Kingsburg,93631,36.478239,-119.52137,Female,No,Yes,No,72,Yes,Yes,DSL,No,No,Yes,No,Yes,Yes,Two year,Yes,Bank transfer (automatic),76.8,5468.45,5120,0.06396533505400381,76.8,58.95045278576991,0
2840,United States,California,Fortuna,95540,40.584991,-124.121504,Male,No,No,No,7,Yes,No,No,No internet service,No internet service,No internet service,No internet service,No internet service,No internet service,Month-to-month,Yes,Mailed check,19.95,147.5,3331,0.24453882453882456,19.95,58.54259459459459,0
6357,United States,California,Stockton,95210,38.033219,-121.297433,Female,Yes,No,No,69,Yes,Yes,Fiber optic,Yes,No,Yes,Yes,Yes,Yes,Two year,No,Credit card (automatic),110.25,7467.55,4948,0.04421883556450637,110.25,58.50151945184193,0
4836,United States,California,Morro Bay,93442,35.369553,-120.763864,Female,No,No,Yes,5,Yes,No,DSL,No,No,No,Yes,No,No,Month-to-month,Yes,Mailed check,51.0,286.8,2789,0.09530224548835928,51.0,58.324974238875875,0
589,United States,California,Garden Grove,92843,33.764018,-117.931507,Female,No,No,No,34,Yes,Yes,DSL,Yes,Yes,No,Yes,No,No,One year,Yes,Mailed check,64.4,2088.75,5189,0.07546710574515762,64.4,58.32097931985782,1
3630,United States,California,San Ardo,93450,35.996008,-120.85305,Male,No,Yes,Yes,21,No,No phone service,DSL,No,No,No,No,No,No,Month-to-month,Yes,Electronic check,26.05,565.75,4302,0.1864082778244574,26.05,58.271227647925386,0
2722,United States,California,Burson,95225,38.183918,-120.898817,Female,No,Yes,No,52,Yes,No,DSL,Yes,No,Yes,No,Yes,No,One year,Yes,Mailed check,64.3,3410.6,4405,0.07546710574515762,64.3,58.23041879296362,0
244,United States,California,Hayward,94541,37.674002,-122.076796,Male,No,No,No,7,Yes,No,No,No internet service,No internet service,No internet service,No internet service,No internet service,No internet service,Month-to-month,No,Electronic check,19.25,112.3,4489,0.2516816816816817,19.25,58.138468468468474,1
4406,United States,California,Harbor City,90710,33.798266,-118.300237,Female,No,No,No,41,Yes,Yes,DSL,No,Yes,No,No,No,No,One year,Yes,Credit card (automatic),56.3,2364.0,2994,0.08578456606261795,56.3,57.956052831904685,0
1390,United States,California,San Diego,92105,32.741859,-117.090353,Female,No,Yes,No,6,Yes,No,No,No internet service,No internet service,No internet service,No internet service,No internet service,No internet service,Month-to-month,No,Bank transfer (automatic),19.5,146.3,5579,0.24723723723723726,19.5,57.85351351351352,1
6997,United States,California,San Diego,92122,32.85723,-117.209774,Male,No,No,Yes,1,No,No phone service,DSL,No,No,No,No,No,No,Month-to-month,No,Mailed check,24.2,24.2,4276,0.1988419448046777,24.2,57.743700771278405,0
5896,United States,California,Hemet,92545,33.734933,-117.044145,Male,No,Yes,No,64,Yes,Yes,DSL,No,Yes,No,Yes,No,Yes,One year,Yes,Mailed check,70.15,4480.7,5037,0.06805890230546578,70.15,57.291983960741106,0
5469,United States,California,Hornbrook,96044,41.962127,-122.527696,Female,No,No,No,30,Yes,No,DSL,Yes,Yes,Yes,Yes,Yes,No,One year,No,Credit card (automatic),74.65,2308.6,5616,0.06370122919441565,74.65,57.06356111235754,0
2368,United States,California,Lemoore,93245,36.303666,-119.825657,Male,No,No,No,49,No,No phone service,DSL,No,No,Yes,No,No,No,Month-to-month,Yes,Bank transfer (automatic),30.2,1453.1,5214,0.1562645088320004,30.2,56.63025800071695,0
5120,United States,California,Santa Clara,95051,37.348129,-121.98469,Female,No,Yes,Yes,32,Yes,Yes,DSL,No,Yes,Yes,No,No,No,Month-to-month,No,Bank transfer (automatic),62.45,2045.55,5442,0.07546710574515762,62.45,56.55504904542112,0
6776,United States,California,Compton,90220,33.88151,-118.234451,Male,No,No,No,7,Yes,Yes,No,No internet service,No internet service,No internet service,No internet service,No internet service,No internet service,Month-to-month,No,Mailed check,23.5,173.0,5508,0.19973622862359594,23.5,56.32561647185405,0
4614,United States,California,Pioneertown,92268,34.201108,-116.593456,Female,No,No,No,42,Yes,No,DSL,Yes,No,Yes,No,No,No,Month-to-month,No,Credit card (automatic),54.55,2455.05,5387,0.08578456606261795,54.55,56.15457694458971,0
981,United States,California,Big Bear City,92314,34.278967,-116.773825,Male,No,No,Yes,4,Yes,No,DSL,Yes,No,No,No,No,No,Month-to-month,No,Electronic check,49.35,219.65,5858,0.09448863248799586,49.35,55.956168159391154,1
4237,United States,California,Corning,96021,39.913777,-122.289984,Female,No,No,No,5,Yes,No,No,No internet service,No internet service,No internet service,No internet service,No internet service,No internet service,Month-to-month,Yes,Credit card (automatic),19.65,92.05,2878,0.23698326898326902,19.65,55.880654826254826,0
164,United States,California,Fellows,93224,35.215731,-119.57013,Female,Yes,No,No,8,Yes,No,No,No internet service,No internet service,No internet service,No internet service,No internet service,No internet service,Month-to-month,No,Electronic check,19.65,164.3,5432,0.23698326898326902,19.65,55.880654826254826,1
5071,United States,California,Richmond,94805,37.941456,-122.320968,Male,No,No,Yes,5,Yes,No,DSL,No,No,No,Yes,No,No,Month-to-month,Yes,Bank transfer (automatic),48.65,235.2,3307,0.09530224548835928,48.65,55.63745091610414,0
3661,United States,California,Palmdale,93550,34.536232,-118.082935,Male,No,No,No,68,No,No phone service,DSL,No,No,Yes,No,No,Yes,Month-to-month,Yes,Bank transfer (automatic),39.9,2796.35,6270,0.11579830848048525,39.9,55.44423010045634,0
6003,United States,California,Kettleman City,93239,35.996923,-120.000951,Male,No,No,No,2,Yes,No,No,No internet service,No internet service,No internet service,No internet service,No internet service,No internet service,Month-to-month,No,Mailed check,20.75,44.2,3976,0.22110044998781736,20.75,55.05401204696653,0
1235,United States,California,Vacaville,95688,38.419088,-122.024568,Male,No,No,No,1,Yes,No,No,No internet service,No internet service,No internet service,No internet service,No internet service,No internet service,Month-to-month,No,Mailed check,20.25,20.25,2959,0.2256221891182521,20.25,54.82619195573526,1
3362,United States,California,San Ysidro,92173,32.555828,-117.040073,Male,No,Yes,No,41,Yes,No,DSL,Yes,Yes,Yes,No,No,No,One year,Yes,Bank transfer (automatic),60.3,2511.3,4565,0.07546710574515762,60.3,54.607997717196056,0
5667,United States,California,Chatsworth,91311,34.294142,-118.603883,Female,No,Yes,No,2,Yes,No,No,No internet service,No internet service,No internet service,No internet service,No internet service,No internet service,Month-to-month,No,Bank transfer (automatic),20.1,43.15,4158,0.2256221891182521,20.1,54.42007201532241,0
2214,United States,California,Highland,92346,34.129677,-117.154277,Male,No,Yes,No,2,Yes,No,No,No internet service,No internet service,No internet service,No internet service,No internet service,No internet service,Month-to-month,No,Mailed check,20.0,38.0,4823,0.22584484123417153,20.0,54.20276189620117,0
2770,United States,California,Patterson,95363,37.410236,-121.320337,Female,No,Yes,Yes,62,Yes,Yes,DSL,No,No,No,No,Yes,Yes,Month-to-month,Yes,Credit card (automatic),70.45,4300.45,5057,0.06396533505400381,70.45,54.076294254654826,0
3514,United States,California,Anaheim,92807,33.848733,-117.788357,Male,No,Yes,No,23,Yes,Yes,DSL,No,Yes,No,Yes,No,No,Two year,No,Mailed check,59.7,1414.2,3464,0.07546710574515762,59.7,54.06463455583092,0
5544,United States,California,Los Angeles,90031,34.085807,-118.206617,Female,No,No,No,42,Yes,No,DSL,Yes,Yes,Yes,No,No,No,Month-to-month,No,Bank transfer (automatic),59.65,2536.55,3048,0.07546710574515762,59.65,54.019354292383824,0
6361,United States,California,Arnold,95223,38.32153,-120.236358,Male,No,No,No,1,Yes,No,No,No internet service,No internet service,No internet service,No internet service,No internet service,No internet service,Month-to-month,No,Mailed check,19.95,19.95,5916,0.2256221891182521,19.95,54.013952074909554,0
4318,United States,California,Los Angeles,90010,34.062125,-118.315709,Male,No,No,No,1,Yes,No,No,No internet service,No internet service,No internet service,No internet service,No internet service,No internet service,Month-to-month,No,Mailed check,20.3,20.3,4270,0.22110044998781736,20.3,53.86006961703231,0
4432,United States,California,Monrovia,91016,34.1528,-118.000482,Male,No,Yes,Yes,8,Yes,No,DSL,Yes,No,No,No,No,No,Month-to-month,Yes,Credit card (automatic),51.3,411.6,2545,0.08730681430617766,51.3,53.746074886882965,0
5059,United States,California,Oakland,94618,37.84551,-122.235181,Male,No,No,No,1,Yes,No,No,No internet service,No internet service,No internet service,No internet service,No internet service,No internet service,Month-to-month,No,Credit card (automatic),20.75,20.75,2791,0.21571583460320193,20.75,53.71324281619728,0
825,United States,California,Colusa,95932,39.273096,-122.050763,Male,No,No,No,1,Yes,No,No,No internet service,No internet service,No internet service,No internet service,No internet service,No internet service,Month-to-month,No,Mailed check,19.8,19.8,5600,0.2256221891182521,19.8,53.607832134496704,1
2932,United States,California,Rocklin,95765,38.823278,-121.281856,Male,No,No,Yes,41,Yes,No,Fiber optic,Yes,Yes,Yes,Yes,Yes,Yes,Two year,Yes,Electronic check,111.15,4507.15,5038,0.04012526831304438,111.15,53.5190828759386,0
5720,United States,California,Mira Loma,91752,33.999992,-117.535395,Male,No,No,No,1,Yes,No,No,No internet service,No internet service,No internet service,No internet service,No internet service,No internet service,Month-to-month,No,Mailed check,20.6,20.6,5370,0.21571583460320193,20.6,53.32495431391152,0
4468,United States,California,Sun Valley,91352,34.231053,-118.338307,Male,No,Yes,Yes,60,Yes,Yes,Fiber optic,Yes,No,Yes,Yes,Yes,Yes,Two year,Yes,Electronic check,110.6,6586.85,5756,0.04012526831304438,110.6,53.2542561050725,0
3907,United States,California,Soquel,95073,37.023669,-121.946461,Male,No,No,No,1,Yes,No,No,No internet service,No internet service,No internet service,No internet service,No internet service,No internet service,Month-to-month,No,Bank transfer (automatic),19.65,19.65,3625,0.2256221891182521,19.65,53.20171219408384,0
6545,United States,California,Pioneer,95666,38.546999,-120.271114,Female,No,No,No,68,Yes,Yes,Fiber optic,Yes,Yes,No,Yes,Yes,Yes,Two year,No,Credit card (automatic),110.25,7279.35,5502,0.04012526831304438,110.25,53.085729978157715,0
5236,United States,California,Glenhaven,95443,39.045246,-122.743181,Male,No,No,No,7,Yes,No,No,No internet service,No internet service,No internet service,No internet service,No internet service,No internet service,Month-to-month,Yes,Mailed check,18.95,130.55,4097,0.23317774467380764,18.95,53.02461913882386,0
5223,United States,California,Branscomb,95417,39.710591,-123.682799,Female,No,No,No,9,Yes,No,No,No internet service,No internet service,No internet service,No internet service,No internet service,No internet service,Month-to-month,Yes,Credit card (automatic),20.45,147.55,2392,0.21571583460320193,20.45,52.936665811625744,0
5425,United States,California,Nevada City,95959,39.333737,-120.858667,Female,No,No,No,1,Yes,No,No,No internet service,No internet service,No internet service,No internet service,No internet service,No internet service,Month-to-month,No,Mailed check,19.9,19.9,5057,0.22110044998781736,19.9,52.79878745709078,0
1217,United States,California,Auburn,95602,38.99003,-121.114408,Female,No,Yes,Yes,30,No,No phone service,DSL,No,No,No,Yes,Yes,Yes,Month-to-month,No,Credit card (automatic),51.2,1561.5,4568,0.08578456606261795,51.2,52.70603738887246,1
3533,United States,California,Corona,92879,33.893823,-117.531446,Female,No,No,Yes,1,Yes,No,DSL,Yes,No,No,No,No,No,Month-to-month,No,Mailed check,51.2,51.2,3699,0.08578456606261795,51.2,52.70603738887246,0
4834,United States,California,Los Alamos,93440,34.758699,-120.275839,Male,No,No,No,63,Yes,No,Fiber optic,Yes,Yes,Yes,Yes,Yes,Yes,Two year,No,Credit card (automatic),109.2,7049.75,4273,0.04012526831304438,109.2,52.580151597413355,0
657,United States,California,Brisbane,94005,37.684694,-122.40712,Male,No,No,No,1,Yes,No,No,No internet service,No internet service,No internet service,No internet service,No internet service,No internet service,Month-to-month,No,Mailed check,19.4,19.4,4152,0.2256221891182521,19.4,52.52484562672909,1
2485,United States,California,Raymond,93653,37.252057,-119.95783,Male,No,Yes,No,43,Yes,No,DSL,Yes,No,Yes,Yes,Yes,Yes,Two year,Yes,Credit card (automatic),79.15,3566.6,3716,0.05526896130908637,79.15,52.49445945137025,0
1963,United States,California,La Mirada,90638,33.902045,-118.008961,Female,No,Yes,Yes,7,Yes,No,DSL,Yes,No,No,No,No,No,Month-to-month,No,Mailed check,50.7,350.35,3097,0.08578456606261795,50.7,52.19132999249676,0
6668,United States,California,Gerber,96035,40.03194,-122.176023,Female,No,No,No,15,No,No phone service,DSL,Yes,Yes,Yes,Yes,No,No,One year,No,Mailed check,45.9,693.45,3572,0.09448863248799586,45.9,52.04433877438811,0
4804,United States,California,Taft,93268,35.184837,-119.402525,Male,No,No,No,51,Yes,Yes,DSL,Yes,Yes,Yes,Yes,Yes,No,One year,Yes,Credit card (automatic),81.15,4126.2,4549,0.05325917341436163,81.15,51.863783070905356,0
3845,United States,California,Oakland,94619,37.787186,-122.14633,Female,Yes,No,No,4,Yes,No,No,No internet service,No internet service,No internet service,No internet service,No internet service,No internet service,Month-to-month,No,Mailed check,20.05,91.45,3460,0.21512218911825212,20.05,51.75839870185146,0
2540,United States,California,San Gregorio,94074,37.331762,-122.341444,Female,No,No,No,2,Yes,No,No,No internet service,No internet service,No internet service,No internet service,No internet service,No internet service,Month-to-month,No,Mailed check,19.5,27.55,4836,0.22110044998781736,19.5,51.737505297149255,0
6390,United States,California,Crows Landing,95313,37.435664,-121.049056,Female,No,No,No,3,Yes,No,No,No internet service,No internet service,No internet service,No internet service,No internet service,No internet service,Month-to-month,No,Mailed check,19.95,58.0,5949,0.21571583460320193,19.95,51.64237080400653,0
3350,United States,California,San Diego,92114,32.707892,-117.05512,Female,No,Yes,Yes,28,Yes,Yes,DSL,No,No,No,No,No,No,Month-to-month,No,Mailed check,49.9,1410.25,5250,0.08578456606261795,49.9,51.36779815829563,0
1094,United States,California,Pacific Grove,93950,36.618337,-121.926417,Male,No,No,No,9,Yes,No,No,No internet service,No internet service,No internet service,No internet service,No internet service,No internet service,Month-to-month,Yes,Mailed check,18.95,185.6,5403,0.2256221891182521,18.95,51.306485805490524,1
5505,United States,California,Doyle,96109,40.012675,-120.101857,Female,No,No,No,52,Yes,No,DSL,Yes,No,No,No,No,No,Month-to-month,Yes,Bank transfer (automatic),49.75,2535.55,6334,0.08578456606261795,49.75,51.21338593938291,0
1070,United States,California,Lancaster,93535,34.712708,-117.889656,Male,No,No,No,1,Yes,No,No,No internet service,No internet service,No internet service,No internet service,No internet service,No internet service,Month-to-month,No,Mailed check,19.75,19.75,4851,0.21571583460320193,19.75,51.124652800958856,1
2206,United States,California,Fawnskin,92333,34.274846,-116.937581,Male,No,Yes,No,72,Yes,No,Fiber optic,Yes,Yes,No,Yes,Yes,Yes,Two year,No,Bank transfer (automatic),105.5,7611.55,5534,0.04012526831304438,105.5,50.79858968431419,0
5625,United States,California,Hawaiian Gardens,90716,33.830431,-118.074071,Male,No,No,No,49,Yes,Yes,DSL,No,No,No,Yes,Yes,No,Two year,Yes,Bank transfer (automatic),66.15,3199.0,6138,0.06396533505400381,66.15,50.775682965868235,0
5989,United States,California,Armona,93202,36.315979,-119.710852,Female,No,No,No,2,Yes,No,No,No internet service,No internet service,No internet service,No internet service,No internet service,No internet service,Month-to-month,No,Mailed check,19.4,61.05,5816,0.21571583460320193,19.4,50.218646295625405,0
4956,United States,California,Los Altos,94024,37.352911,-122.093002,Male,No,No,Yes,62,Yes,Yes,Fiber optic,No,No,Yes,Yes,Yes,Yes,Two year,Yes,Electronic check,104.05,6590.5,5900,0.04012526831304438,104.05,50.10041001566721,0
4134,United States,California,Vacaville,95688,38.419088,-122.024568,Female,No,No,No,10,Yes,No,No,No internet service,No internet service,No internet service,No internet service,No internet service,No internet service,Month-to-month,Yes,Mailed check,20.55,187.35,3595,0.20222668509306482,20.55,49.869100543949784,0
2443,United States,California,Lancaster,93534,34.727529,-118.153098,Male,No,No,No,1,Yes,No,No,No internet service,No internet service,No internet service,No internet service,No internet service,No internet service,Month-to-month,No,Mailed check,20.8,20.8,3678,0.19973622862359594,20.8,49.854162664449554,0
2597,United States,California,Napa,94559,38.232389,-122.324944,Female,No,Yes,No,35,Yes,No,DSL,Yes,No,No,Yes,No,No,One year,Yes,Bank transfer (automatic),54.95,1916.0,4858,0.07546710574515762,54.95,49.763009528356946,0
3169,United States,California,Torrance,90502,33.833181,-118.292062,Male,No,Yes,No,50,Yes,Yes,DSL,No,No,Yes,No,No,No,One year,No,Bank transfer (automatic),54.9,2614.1,4322,0.07546710574515762,54.9,49.71772926490985,0
6055,United States,California,Santa Maria,93455,34.818227,-120.418784,Male,No,Yes,Yes,9,Yes,No,DSL,No,Yes,No,Yes,No,No,Month-to-month,No,Mailed check,54.8,452.8,2848,0.07546710574515762,54.8,49.627168738015655,0
6360,United States,California,Stockton,95219,38.029729,-121.387999,Female,No,No,No,4,Yes,Yes,No,No internet service,No internet service,No internet service,No internet service,No internet service,No internet service,One year,No,Electronic check,23.9,97.5,5685,0.17230192379798678,23.9,49.41619174526261,0
3148,United States,California,Lawndale,90260,33.88856,-118.351813,Male,No,No,No,1,Yes,No,No,No internet service,No internet service,No internet service,No internet service,No internet service,No internet service,Month-to-month,No,Mailed check,19.05,19.05,5279,0.21571583460320193,19.05,49.31263979029196,0
4825,United States,California,Arroyo Grande,93420,35.176236,-120.483243,Female,No,No,No,36,Yes,Yes,DSL,Yes,No,No,No,No,No,One year,No,Mailed check,54.45,1893.5,4462,0.07546710574515762,54.45,49.31020689388599,0
5604,United States,California,Torrance,90504,33.867257,-118.330794,Male,No,Yes,No,44,No,No phone service,DSL,No,Yes,Yes,No,Yes,Yes,Two year,No,Bank transfer (automatic),54.3,2390.45,3222,0.07546710574515762,54.3,49.1743661035447,0
1689,United States,California,Kyburz,95720,38.766036,-120.209673,Female,No,No,No,1,Yes,No,No,No internet service,No internet service,No internet service,No internet service,No internet service,No internet service,Month-to-month,No,Mailed check,20.4,20.4,3663,0.19973622862359594,20.4,48.89542876705629,1
2692,United States,California,San Jose,95118,37.255479,-121.889838,Male,No,No,No,39,Yes,Yes,DSL,No,No,No,Yes,No,No,Two year,Yes,Credit card (automatic),53.85,2200.7,2380,0.07546710574515762,53.85,48.76684373252086,0
4878,United States,California,Bass Lake,93604,37.458367,-119.345011,Female,No,No,No,10,Yes,No,No,No internet service,No internet service,No internet service,No internet service,No internet service,No internet service,Month-to-month,Yes,Mailed check,20.9,247.0,4905,0.1943516132389806,20.9,48.74338460033633,0
4608,United States,California,Niland,92257,33.345825,-115.596574,Male,No,No,No,44,Yes,No,DSL,Yes,No,No,Yes,Yes,No,One year,No,Electronic check,65.4,2774.55,5827,0.061831796078359556,65.4,48.525593562296585,0
4377,United States,California,Venice,90291,33.991782,-118.479229,Female,No,Yes,Yes,61,Yes,Yes,Fiber optic,Yes,Yes,Yes,No,No,Yes,One year,Yes,Credit card (automatic),100.7,6018.65,4804,0.04012526831304438,100.7,48.48737422948284,0
3710,United States,California,Fresno,93704,36.799648,-119.801247,Male,No,No,Yes,39,Yes,Yes,Fiber optic,No,No,No,Yes,Yes,Yes,Two year,No,Mailed check,100.55,3895.35,3124,0.04012526831304438,100.55,48.41514874651935,0
1450,United States,California,Newport Beach,92660,33.634626,-117.874882,Female,No,No,Yes,5,Yes,No,DSL,No,No,No,No,No,No,Month-to-month,No,Mailed check,46.0,221.7,4846,0.08730681430617766,46.0,48.193361497010066,1
3824,United States,California,San Leandro,94578,37.704384,-122.126703,Male,No,No,No,56,Yes,No,DSL,No,Yes,Yes,Yes,Yes,Yes,Two year,Yes,Credit card (automatic),81.8,4534.45,4399,0.04904185508198015,81.8,48.13948494847172,0
5911,United States,California,Wildomar,92595,33.617108,-117.253349,Male,No,Yes,Yes,69,Yes,Yes,Fiber optic,No,No,No,Yes,Yes,Yes,Two year,Yes,Electronic check,99.35,6856.45,4637,0.04012526831304438,99.35,47.83734488281151,0
949,United States,California,Fallbrook,92028,33.362575,-117.299644,Female,No,No,No,4,Yes,No,No,No internet service,No internet service,No internet service,No internet service,No internet service,No internet service,Month-to-month,No,Bank transfer (automatic),20.95,85.5,5822,0.1901378254773819,20.95,47.80064932501381,1
3910,United States,California,San Jose,95112,37.343827,-121.883119,Male,No,Yes,Yes,64,Yes,No,Fiber optic,Yes,Yes,No,No,No,No,Month-to-month,No,Electronic check,81.05,5135.35,5168,0.04904185508198015,81.05,47.69810825273389,0
2884,United States,California,Hood,95639,38.375325,-121.507935,Male,No,Yes,Yes,61,Yes,No,Fiber optic,No,Yes,No,Yes,Yes,Yes,One year,Yes,Bank transfer (automatic),98.45,6145.2,4000,0.04012526831304438,98.45,47.40399198503063,0
6123,United States,California,Reedley,93654,36.636638,-119.421842,Female,No,No,No,1,Yes,No,No,No internet service,No internet service,No internet service,No internet service,No internet service,No internet service,Month-to-month,No,Credit card (automatic),20.3,20.3,2507,0.1943516132389806,20.3,47.34405298501567,0
5856,United States,California,Fontana,92335,34.087558,-117.464096,Male,No,Yes,Yes,71,Yes,Yes,Fiber optic,Yes,No,No,No,Yes,Yes,Two year,Yes,Electronic check,97.2,6910.3,4603,0.04012526831304438,97.2,46.802112960334966,0
1967,United States,California,Stanton,90680,33.801869,-117.995068,Male,No,No,No,1,Yes,No,No,No internet service,No internet service,No internet service,No internet service,No internet service,No internet service,Month-to-month,No,Mailed check,19.75,19.75,2484,0.1974715908600123,19.75,46.80076703382292,0
5822,United States,California,El Centro,92243,32.770393,-115.60915,Female,No,Yes,No,26,No,No phone service,DSL,Yes,No,Yes,No,No,No,One year,No,Credit card (automatic),35.4,978.6,2519,0.10838146939087838,35.4,46.040448197245134,0
3193,United States,California,Paramount,90723,33.897122,-118.164432,Male,No,Yes,Yes,42,Yes,Yes,DSL,Yes,Yes,No,No,Yes,No,Month-to-month,Yes,Bank transfer (automatic),69.4,3058.3,4701,0.05526896130908637,69.4,46.027990978207136,0
3838,United States,California,Oakland,94603,37.739113,-122.175602,Male,No,Yes,Yes,62,Yes,Yes,Fiber optic,Yes,Yes,No,No,Yes,No,One year,Yes,Credit card (automatic),94.95,5791.85,4262,0.04012526831304438,94.95,45.71873071588277,0
6756,United States,California,Los Angeles,90045,33.954017,-118.402447,Female,No,No,No,6,Yes,No,No,No internet service,No internet service,No internet service,No internet service,No internet service,No internet service,Month-to-month,No,Mailed check,20.2,123.65,5029,0.18837335236941538,20.2,45.66170061434629,0
2260,United States,California,Temecula,92592,33.507255,-117.029473,Male,No,Yes,Yes,58,Yes,Yes,Fiber optic,No,Yes,No,Yes,Yes,No,One year,Yes,Credit card (automatic),94.7,5430.35,5653,0.04012526831304438,94.7,45.59835491094364,0
975,United States,California,Rancho Mirage,92270,33.763678,-116.429928,Female,No,No,No,2,Yes,No,No,No internet service,No internet service,No internet service,No internet service,No internet service,No internet service,Month-to-month,No,Mailed check,20.65,38.7,3845,0.18189740078476813,20.65,45.07417591446554,1
6087,United States,California,Ahwahnee,93601,37.375816,-119.739935,Male,No,No,No,1,Yes,No,No,No internet service,No internet service,No internet service,No internet service,No internet service,No internet service,Month-to-month,No,Mailed check,20.05,20.05,2067,0.1872820161693835,20.05,45.06005309035368,0
5288,United States,California,Loleta,95551,40.665952,-124.240051,Female,No,No,No,13,Yes,No,No,No internet service,No internet service,No internet service,No internet service,No internet service,No internet service,Month-to-month,Yes,Mailed check,19.3,279.3,5917,0.1943516132389806,19.3,45.011833626147904,0
4025,United States,California,Graton,95444,38.434362,-122.86891,Male,No,Yes,No,49,No,No phone service,DSL,No,Yes,No,No,Yes,Yes,Two year,No,Credit card (automatic),49.65,2409.9,4283,0.07546710574515762,49.65,44.96330160296491,0
3532,United States,California,Placentia,92870,33.881158,-117.854783,Male,Yes,Yes,No,72,Yes,Yes,Fiber optic,Yes,Yes,Yes,Yes,No,No,Two year,Yes,Bank transfer (automatic),93.05,6735.05,4988,0.04012526831304438,93.05,44.80387459834536,0
4708,United States,California,Newport Beach,92660,33.634626,-117.874882,Male,No,No,No,5,Yes,No,No,No internet service,No internet service,No internet service,No internet service,No internet service,No internet service,Month-to-month,No,Bank transfer (automatic),20.65,93.55,5597,0.1803380077968037,20.65,44.68775833204795,0
3023,United States,California,Gazelle,96034,41.411315,-122.697236,Male,No,Yes,No,72,Yes,No,DSL,No,Yes,Yes,No,Yes,Yes,Two year,Yes,Bank transfer (automatic),75.4,5480.25,4171,0.04904185508198015,75.4,44.373070478175634,0
3554,United States,California,Arvin,93203,35.116307,-118.817644,Female,No,Yes,No,54,Yes,Yes,DSL,Yes,Yes,Yes,Yes,Yes,Yes,Two year,No,Credit card (automatic),91.3,4965.0,5907,0.04012526831304438,91.3,43.96124396377142,0
1994,United States,California,Arcadia,91007,34.128284,-118.047732,Male,No,No,No,53,Yes,Yes,DSL,No,Yes,Yes,Yes,No,Yes,Two year,Yes,Bank transfer (automatic),73.9,3958.25,5644,0.04904185508198015,73.9,43.4903170867,0
2233,United States,California,San Bernardino,92407,34.250069,-117.393949,Male,No,No,No,72,Yes,Yes,DSL,No,Yes,Yes,Yes,Yes,Yes,Two year,Yes,Bank transfer (automatic),88.6,6201.95,5842,0.04012526831304438,88.6,42.66118527042878,0
2118,United States,California,Poway,92064,32.984395,-117.013454,Female,No,No,No,68,Yes,Yes,DSL,Yes,Yes,Yes,Yes,Yes,Yes,Two year,Yes,Electronic check,88.15,6148.45,5531,0.04012526831304438,88.15,42.44450882153835,0
1625,United States,California,Livingston,95334,37.361987,-120.748394,Male,No,No,No,3,Yes,No,No,No internet service,No internet service,No internet service,No internet service,No internet service,No internet service,Month-to-month,No,Mailed check,19.85,64.55,2158,0.17646412821107235,19.85,42.03375533987744,1
1985,United States,California,Long Beach,90806,33.802664,-118.179971,Male,No,Yes,No,62,Yes,No,DSL,Yes,Yes,Yes,Yes,Yes,Yes,Two year,No,Electronic check,86.1,5215.25,5769,0.04012526831304438,86.1,41.45742722103745,0
2825,United States,California,Sebastopol,95472,38.398815,-122.861923,Female,No,No,No,62,Yes,Yes,DSL,No,Yes,Yes,Yes,Yes,Yes,Two year,No,Bank transfer (automatic),84.5,5193.2,5466,0.04012526831304438,84.5,40.687022069427,0
3397,United States,California,Yucca Valley,92284,34.159534,-116.425984,Male,Yes,Yes,No,72,Yes,Yes,DSL,Yes,Yes,Yes,No,Yes,Yes,Two year,Yes,Credit card (automatic),84.1,5981.65,4671,0.04012526831304438,84.1,40.49442078152438,0
2002,United States,California,Pasadena,91105,34.13946,-118.166649,Female,No,Yes,No,34,Yes,Yes,No,No internet service,No internet service,No internet service,No internet service,No internet service,No internet service,Month-to-month,No,Electronic check,24.7,780.2,3421,0.13658652288352263,24.7,40.48424538267611,0
2244,United States,California,Anza,92539,33.527605,-116.666551,Female,No,Yes,Yes,52,Yes,No,Fiber optic,Yes,No,Yes,Yes,No,No,Month-to-month,Yes,Bank transfer (automatic),84.05,4326.8,6099,0.04012526831304438,84.05,40.47034562053656,0
6692,United States,California,Weaverville,96093,40.759401,-122.939337,Male,No,No,No,5,Yes,No,No,No internet service,No internet service,No internet service,No internet service,No internet service,No internet service,Month-to-month,No,Credit card (automatic),20.05,95.55,2483,0.16788379534259124,20.05,40.39284115942745,0
3019,United States,California,Etna,96027,41.405193,-123.008567,Male,No,No,No,39,No,No phone service,DSL,Yes,No,No,Yes,Yes,No,One year,No,Bank transfer (automatic),45.05,1790.6,4003,0.07455135482940671,45.05,40.30246242077727,0
4701,United States,California,Huntington Beach,92648,33.679659,-118.016195,Male,No,Yes,No,51,Yes,No,DSL,Yes,Yes,Yes,Yes,Yes,Yes,Two year,Yes,Credit card (automatic),83.25,4089.45,5340,0.04012526831304438,83.25,40.08514304473133,0
4642,United States,California,Hesperia,92345,34.361387,-117.337509,Female,No,Yes,No,72,Yes,Yes,DSL,Yes,Yes,Yes,No,Yes,Yes,Two year,Yes,Credit card (automatic),82.65,5919.35,4324,0.04012526831304438,82.65,39.796241112877425,0
5026,United States,California,Moraga,94556,37.827946,-122.107185,Male,No,No,No,50,No,No phone service,DSL,Yes,Yes,No,No,No,No,Month-to-month,Yes,Mailed check,35.0,1782.4,5629,0.09448863248799586,35.0,39.68522564495826,0
3036,United States,California,Macdoel,96058,41.769709,-121.92063,Female,Yes,No,No,65,No,No phone service,DSL,No,Yes,Yes,No,Yes,Yes,Two year,Yes,Bank transfer (automatic),53.5,3517.9,5693,0.06176141383302729,53.5,39.650827680803516,0
2935,United States,California,Sacramento,95816,38.574856,-121.46504,Male,No,No,No,23,Yes,No,No,No internet service,No internet service,No internet service,No internet service,No internet service,No internet service,Month-to-month,No,Electronic check,20.85,473.9,4263,0.1562645088320004,20.85,39.097380109766505,0
5111,United States,California,Gilroy,95020,37.03889,-121.528955,Male,No,Yes,Yes,22,Yes,No,DSL,Yes,Yes,No,Yes,No,No,Month-to-month,Yes,Mailed check,57.95,1271.8,5036,0.05526896130908637,57.95,38.43403569433866,0
5091,United States,California,Penngrove,94951,38.325599,-122.642352,Male,No,Yes,No,63,Yes,Yes,DSL,No,No,Yes,Yes,Yes,Yes,Two year,No,Credit card (automatic),79.8,5034.05,4073,0.04012526831304438,79.8,38.4239569365713,0
4420,United States,California,Long Beach,90803,33.760458,-118.129725,Female,Yes,Yes,Yes,29,No,No phone service,DSL,No,Yes,Yes,No,No,No,Month-to-month,Yes,Mailed check,35.65,1025.15,4107,0.08730681430617766,35.65,37.3498551601828,0
6980,United States,California,Valley Center,92082,33.25283,-116.986079,Male,No,No,No,15,Yes,No,No,No internet service,No internet service,No internet service,No internet service,No internet service,No internet service,Month-to-month,Yes,Mailed check,19.8,309.4,2681,0.1562645088320004,19.8,37.128447298483295,0
2464,United States,California,Coarsegold,93614,37.212191,-119.749323,Male,No,No,No,68,Yes,Yes,DSL,Yes,Yes,Yes,No,No,Yes,One year,Yes,Credit card (automatic),76.9,5023.0,5355,0.04012526831304438,76.9,37.02759759927736,0
2129,United States,California,Rancho Santa Fe,92091,32.99356,-117.207121,Male,No,Yes,No,37,Yes,Yes,DSL,Yes,No,Yes,Yes,No,No,Two year,Yes,Credit card (automatic),62.8,2278.75,5229,0.04904185508198015,62.8,36.95794198978024,0
5386,United States,California,Sacramento,95829,38.486502,-121.334051,Male,No,No,No,37,No,No phone service,DSL,No,No,No,No,Yes,No,Two year,No,Credit card (automatic),35.8,1316.9,5658,0.08578456606261795,35.8,36.85304958050067,0
3930,United States,California,Stockton,95203,37.954089,-121.329761,Male,No,No,No,57,Yes,No,DSL,Yes,No,Yes,No,Yes,Yes,Two year,Yes,Bank transfer (automatic),74.35,4317.35,5548,0.04012526831304438,74.35,35.7997643888982,0
6667,United States,California,Gazelle,96034,41.411315,-122.697236,Female,No,Yes,No,43,No,No phone service,DSL,Yes,No,No,Yes,No,No,Month-to-month,No,Bank transfer (automatic),34.0,1505.35,5409,0.08730681430617766,34.0,35.62118023692049,0
5646,United States,California,Monrovia,91016,34.1528,-118.000482,Female,No,Yes,Yes,27,Yes,No,DSL,No,Yes,No,No,No,No,Month-to-month,No,Mailed check,49.85,1336.15,5580,0.059362528560548355,49.85,35.51066458492003,0
6699,United States,California,Chilcoot,96105,39.872961,-120.198876,Female,No,No,No,34,Yes,No,DSL,Yes,Yes,No,No,No,No,One year,No,Mailed check,55.0,1885.15,4027,0.05313542233344213,55.0,35.069378740071805,0
143,United States,California,Anaheim,92805,33.830209,-117.906099,Female,No,Yes,No,12,Yes,No,No,No internet service,No internet service,No internet service,No internet service,No internet service,No internet service,Month-to-month,No,Mailed check,19.0,233.55,3535,0.15265795145495123,19.0,34.80601293172888,1
3565,United States,California,Glennville,93226,35.735694,-118.738483,Male,No,Yes,Yes,71,Yes,No,Fiber optic,Yes,Yes,Yes,No,Yes,Yes,One year,Yes,Bank transfer (automatic),104.65,7288.4,6101,0.027659852486673502,104.65,34.73524275276459,0
4961,United States,California,Mountain View,94040,37.380662,-122.086022,Male,No,No,No,10,Yes,No,No,No internet service,No internet service,No internet service,No internet service,No internet service,No internet service,Month-to-month,No,Credit card (automatic),19.75,208.25,3926,0.14565437036264717,19.75,34.52008577594738,0
5258,United States,California,Potter Valley,95469,39.408634,-123.045516,Female,No,No,No,11,Yes,No,No,No internet service,No internet service,No internet service,No internet service,No internet service,No internet service,Month-to-month,No,Bank transfer (automatic),20.3,246.3,4188,0.1401930802605718,20.3,34.151034351475296,0
3974,United States,California,Keyes,95328,37.555631,-120.911653,Female,No,No,No,12,Yes,No,No,No internet service,No internet service,No internet service,No internet service,No internet service,No internet service,Month-to-month,No,Mailed check,20.3,246.7,4177,0.1401930802605718,20.3,34.151034351475296,0
5564,United States,California,Los Angeles,90066,34.002028,-118.430656,Female,No,No,No,12,Yes,No,No,No internet service,No internet service,No internet service,No internet service,No internet service,No internet service,Month-to-month,No,Mailed check,20.1,223.6,5179,0.1401930802605718,20.1,33.81457095884993,0
5355,United States,California,Volcano,95689,38.481902,-120.603668,Female,No,No,No,60,Yes,No,DSL,No,Yes,Yes,Yes,Yes,No,One year,Yes,Credit card (automatic),70.15,4224.7,4260,0.04012526831304438,70.15,33.77745086592076,0
4348,United States,California,Los Angeles,90065,34.108833,-118.229715,Male,No,No,No,21,Yes,No,No,No internet service,No internet service,No internet service,No internet service,No internet service,No internet service,Month-to-month,Yes,Mailed check,19.95,416.4,3632,0.1401930802605718,19.95,33.56222341438089,0
6941,United States,California,Chula Vista,91913,32.64164,-116.985026,Female,Yes,Yes,No,56,Yes,Yes,DSL,Yes,Yes,Yes,Yes,No,No,One year,Yes,Credit card (automatic),68.45,4014.0,4368,0.04012526831304438,68.45,32.958895392334654,0
165,United States,California,Huron,93234,36.217864,-120.080117,Male,No,Yes,No,2,Yes,No,No,No internet service,No internet service,No internet service,No internet service,No internet service,No internet service,One year,No,Mailed check,19.85,35.9,2362,0.13658652288352263,19.85,32.53490975085509,1
4302,United States,California,Topaz,96133,38.636052,-119.489162,Female,No,Yes,Yes,24,Yes,No,DSL,Yes,No,No,Yes,No,No,Month-to-month,No,Electronic check,55.15,1319.85,2200,0.04904185508198015,55.15,32.455899693254466,0
4830,United States,California,Cayucos,93430,35.511833,-120.918713,Female,No,No,No,10,Yes,No,No,No internet service,No internet service,No internet service,No internet service,No internet service,No internet service,Month-to-month,No,Mailed check,18.85,163.2,5949,0.1434801715382362,18.85,32.455214801949026,0
3472,United States,California,Temecula,92592,33.507255,-117.029473,Female,No,No,No,5,Yes,No,No,No internet service,No internet service,No internet service,No internet service,No internet service,No internet service,One year,No,Electronic check,19.55,99.6,2575,0.13685974692723848,19.55,32.10729662913015,0
3232,United States,California,Winnetka,91306,34.209532,-118.577563,Male,No,Yes,No,59,Yes,No,DSL,Yes,Yes,Yes,No,Yes,No,One year,No,Credit card (automatic),66.4,3958.2,6432,0.04012526831304438,66.4,31.971813791833767,0
5605,United States,California,Torrance,90505,33.807882,-118.347957,Female,No,Yes,Yes,30,Yes,No,DSL,Yes,No,No,Yes,No,Yes,Month-to-month,No,Bank transfer (automatic),66.3,1923.5,4631,0.04012526831304438,66.3,31.92366346985811,0
6623,United States,California,Grass Valley,95945,39.194539,-120.988066,Male,No,Yes,Yes,17,No,No phone service,DSL,Yes,No,Yes,No,Yes,No,One year,No,Credit card (automatic),44.45,792.15,3522,0.05962787485738306,44.45,31.805508448928123,0
6301,United States,California,San Geronimo,94963,38.00474,-122.663717,Female,No,No,No,20,Yes,No,No,No internet service,No internet service,No internet service,No internet service,No internet service,No internet service,Month-to-month,Yes,Credit card (automatic),18.9,347.65,4277,0.1401930802605718,18.9,31.795790603097686,0
3087,United States,California,Los Angeles,90003,33.964131,-118.272783,Male,No,Yes,No,1,Yes,No,No,No internet service,No internet service,No internet service,No internet service,No internet service,No internet service,One year,No,Mailed check,18.8,18.8,5160,0.1401930802605718,18.8,31.627558906785005,0
5315,United States,California,Citrus Heights,95621,38.69549,-121.307864,Female,No,Yes,No,20,Yes,No,No,No internet service,No internet service,No internet service,No internet service,No internet service,No internet service,Month-to-month,No,Bank transfer (automatic),19.25,375.25,4137,0.13658652288352263,19.25,31.551486786093726,0
6720,United States,California,Topaz,96133,38.636052,-119.489162,Male,No,Yes,No,71,Yes,No,DSL,Yes,No,Yes,Yes,Yes,Yes,Two year,Yes,Electronic check,82.55,5832.65,4668,0.031739429729185996,82.55,31.441079089731645,0
4977,United States,California,San Francisco,94103,37.773147,-122.411287,Female,Yes,Yes,Yes,61,Yes,Yes,DSL,No,No,Yes,No,Yes,No,One year,Yes,Electronic check,65.2,3965.05,6238,0.04012526831304438,65.2,31.394009928125925,0
5959,United States,California,Norco,92860,33.925833,-117.559639,Male,No,No,No,20,Yes,No,No,No internet service,No internet service,No internet service,No internet service,No internet service,No internet service,Month-to-month,Yes,Credit card (automatic),19.6,356.15,5909,0.13150362157111312,19.6,30.929651793525807,0
6435,United States,California,Clearlake Oaks,95423,39.07116,-122.598542,Male,No,Yes,No,61,Yes,Yes,DSL,Yes,Yes,Yes,Yes,No,Yes,Two year,Yes,Bank transfer (automatic),80.8,4860.85,4302,0.031739429729185996,80.8,30.77455106541874,0
3145,United States,California,Gardena,90248,33.876482,-118.284077,Female,No,No,No,45,Yes,No,DSL,Yes,No,Yes,Yes,Yes,Yes,Two year,No,Bank transfer (automatic),81.65,3618.7,5937,0.03137245932428034,81.65,30.738735645929875,0
6598,United States,California,Sacramento,95841,38.660442,-121.346321,Female,No,No,No,41,Yes,No,DSL,No,No,No,Yes,No,No,One year,No,Bank transfer (automatic),50.05,2029.05,2157,0.05115365444456601,50.05,30.722884859406342,0
2393,United States,California,Bakersfield,93305,35.391733,-118.984109,Male,No,Yes,No,66,Yes,Yes,DSL,No,No,Yes,No,Yes,No,Two year,Yes,Bank transfer (automatic),63.3,4189.7,4186,0.04012526831304438,63.3,30.47915381058851,0
6615,United States,California,Crescent Mills,95934,40.080342,-120.957805,Male,No,No,No,60,Yes,No,DSL,Yes,No,Yes,Yes,Yes,Yes,One year,No,Mailed check,79.0,4801.1,4807,0.031739429729185996,79.0,30.088979383268324,0
3734,United States,California,Seaside,93955,36.625114,-121.823565,Male,No,Yes,Yes,53,Yes,Yes,DSL,No,No,Yes,Yes,Yes,Yes,One year,Yes,Mailed check,78.75,3942.45,5052,0.031739429729185996,78.75,29.993761094080764,0
5016,United States,California,Fremont,94536,37.572273,-121.964583,Female,No,Yes,No,72,Yes,Yes,DSL,Yes,Yes,Yes,Yes,Yes,Yes,Two year,Yes,Bank transfer (automatic),91.15,6637.9,4311,0.026805219202870205,91.15,29.31954876409943,0
757,United States,California,Santa Rosa,95405,38.439696,-122.668817,Female,No,No,No,48,Yes,No,DSL,Yes,No,Yes,Yes,No,No,One year,Yes,Credit card (automatic),60.35,2896.4,2681,0.04012526831304438,60.35,29.058719312306742,1
5130,United States,California,San Jose,95112,37.343827,-121.883119,Male,No,Yes,No,66,Yes,Yes,DSL,Yes,Yes,Yes,No,No,No,Two year,Yes,Credit card (automatic),66.1,4428.45,5933,0.03641266147543755,66.1,28.882523082317064,0
2844,United States,California,Hydesville,95547,40.557314,-124.081662,Male,No,Yes,No,60,Yes,No,DSL,Yes,Yes,Yes,Yes,No,No,One year,Yes,Bank transfer (automatic),65.85,3928.3,4053,0.03641266147543755,65.85,28.77328509789075,0
5769,United States,California,Escondido,92029,33.079834,-117.134275,Female,No,No,Yes,19,Yes,No,DSL,No,No,No,Yes,No,No,Month-to-month,No,Mailed check,48.8,953.65,3749,0.04904185508198015,48.8,28.718910336007575,0
5371,United States,California,Rancho Cordova,95742,38.591134,-121.161585,Male,No,Yes,No,56,Yes,Yes,DSL,No,Yes,Yes,No,No,No,Two year,No,Credit card (automatic),59.5,3389.25,5477,0.04012526831304438,59.5,28.649441575513684,0
2254,United States,California,San Jacinto,92582,33.806708,-117.02007,Male,No,No,No,12,Yes,No,No,No internet service,No internet service,No internet service,No internet service,No internet service,No internet service,Month-to-month,No,Credit card (automatic),20.05,265.45,4996,0.11818937676080532,20.05,28.43636404864976,0
3177,United States,California,Whittier,90605,33.960891,-118.032222,Female,No,No,No,63,Yes,No,DSL,No,No,Yes,No,No,Yes,One year,No,Credit card (automatic),58.55,3503.5,6312,0.04012526831304438,58.55,28.19201351674498,0
4019,United States,California,Forestville,95436,38.499302,-122.92444,Male,No,No,No,52,No,No phone service,DSL,Yes,Yes,Yes,Yes,Yes,Yes,Two year,No,Credit card (automatic),63.9,3334.95,5380,0.03641266147543755,63.9,27.92122881936551,0
6166,United States,California,Los Altos,94024,37.352911,-122.093002,Male,No,Yes,Yes,53,Yes,Yes,DSL,Yes,No,No,Yes,No,Yes,Month-to-month,No,Electronic check,71.85,3827.9,4903,0.031739429729185996,71.85,27.36573631250416,0
4819,United States,California,Bakersfield,93309,35.342891,-119.064803,Female,No,Yes,Yes,51,No,No phone service,DSL,No,No,Yes,Yes,Yes,Yes,One year,Yes,Electronic check,56.15,2898.95,4132,0.04012526831304438,56.15,27.0364057893293,0
3626,United States,California,Los Olivos,93441,34.70434,-120.02609,Male,No,No,Yes,47,Yes,No,DSL,Yes,Yes,No,No,No,No,Month-to-month,Yes,Electronic check,55.3,2654.05,5491,0.04012526831304438,55.3,26.62712805253625,0
5170,United States,California,Vallecito,95251,38.055562,-120.456298,Male,No,No,No,57,No,No phone service,DSL,No,No,Yes,Yes,Yes,Yes,Two year,No,Credit card (automatic),53.35,3090.05,5461,0.04012526831304438,53.35,25.68819677401101,0
2528,United States,California,Atherton,94027,37.454924,-122.203168,Female,No,Yes,No,49,No,No phone service,DSL,Yes,No,No,Yes,No,No,One year,Yes,Credit card (automatic),35.8,1782.0,4865,0.05962787485738306,35.8,25.616135038731755,0
6075,United States,California,Llano,93544,34.500091,-117.765862,Female,No,No,No,27,Yes,No,DSL,Yes,Yes,No,No,No,No,Two year,No,Bank transfer (automatic),52.85,1498.65,2842,0.04012526831304438,52.85,25.447445164132745,0
6193,United States,California,San Francisco,94123,37.800254,-122.436975,Male,No,No,No,3,Yes,No,No,No internet service,No internet service,No internet service,No internet service,No internet service,No internet service,One year,No,Mailed check,21.2,52.05,2088,0.09827735174215405,21.2,25.00175828320399,0
3278,United States,California,Glendora,91741,34.14649,-117.849815,Male,No,Yes,No,7,Yes,No,No,No internet service,No internet service,No internet service,No internet service,No internet service,No internet service,One year,No,Mailed check,20.65,150.0,2874,0.09827735174215405,20.65,24.35312776170577,0
2729,United States,California,Lockeford,95237,38.166791,-121.14207,Female,No,No,No,67,Yes,No,DSL,Yes,No,Yes,Yes,No,Yes,One year,Yes,Bank transfer (automatic),72.35,4991.5,4910,0.02802682289157916,72.35,24.332887634469024,0
2069,United States,California,Monterey Park,91755,34.049172,-118.115022,Female,No,Yes,No,61,Yes,Yes,DSL,Yes,Yes,Yes,Yes,Yes,Yes,Two year,No,Mailed check,88.1,5526.75,5152,0.022986620740421956,88.1,24.301455446774092,0
5320,United States,California,Fiddletown,95629,38.513484,-120.704613,Male,No,Yes,Yes,26,Yes,No,DSL,No,No,Yes,No,No,No,One year,No,Mailed check,50.35,1285.8,3386,0.04012526831304438,50.35,24.24368711474142,0
4570,United States,California,San Diego,92102,32.716007,-117.117462,Male,Yes,Yes,No,49,Yes,No,DSL,No,Yes,No,No,No,No,Two year,No,Mailed check,49.8,2398.4,4306,0.04012526831304438,49.8,23.97886034387532,0
4625,United States,California,Angelus Oaks,92305,34.1678,-116.86433,Female,No,No,No,8,Yes,No,No,No internet service,No internet service,No internet service,No internet service,No internet service,No internet service,One year,Yes,Bank transfer (automatic),20.2,140.95,5066,0.09827735174215405,20.2,23.82243006229814,0
4112,United States,California,Knights Landing,95645,38.875508,-121.765866,Male,No,No,No,67,No,No phone service,DSL,Yes,No,Yes,Yes,Yes,No,One year,Yes,Bank transfer (automatic),49.35,3321.35,5905,0.04012526831304438,49.35,23.762183894984883,0
3555,United States,California,Avenal,93204,35.916943,-120.129921,Male,No,Yes,No,72,Yes,Yes,DSL,No,Yes,Yes,Yes,Yes,Yes,Two year,No,Bank transfer (automatic),85.95,6151.9,6450,0.022986620740421956,85.95,23.708400631671207,0
6909,United States,California,Chino Hills,91709,33.942895,-117.725644,Male,No,Yes,Yes,44,Yes,No,DSL,No,Yes,Yes,Yes,No,No,Month-to-month,Yes,Mailed check,61.9,2924.05,4388,0.031739429729185996,61.9,23.576048402839355,0
6444,United States,California,Geyserville,95441,38.731771,-123.064272,Male,No,Yes,Yes,10,No,No phone service,DSL,Yes,Yes,Yes,Yes,No,Yes,Two year,No,Credit card (automatic),53.7,521.0,5671,0.03641266147543755,53.7,23.464319054771956,0
6744,United States,California,Los Angeles,90032,34.078821,-118.177576,Male,No,Yes,No,69,Yes,No,DSL,Yes,Yes,No,No,No,No,One year,Yes,Credit card (automatic),53.65,3804.4,6092,0.03641266147543755,53.65,23.442471457886693,0
6054,United States,California,Santa Maria,93454,34.943523,-120.256729,Male,No,No,No,4,Yes,No,No,No internet service,No internet service,No internet service,No internet service,No internet service,No internet service,One year,No,Mailed check,19.95,68.2,2195,0.09769875964957932,19.95,23.38908306010929,0
6565,United States,California,Colfax,95713,39.084645,-120.894014,Female,No,Yes,No,10,Yes,No,No,No internet service,No internet service,No internet service,No internet service,No internet service,No internet service,One year,No,Mailed check,20.1,184.4,3509,0.09530224548835928,20.1,22.98690161179226,0
6728,United States,California,Los Angeles,90004,34.076259,-118.310715,Male,No,Yes,Yes,29,Yes,Yes,DSL,Yes,No,No,Yes,Yes,No,One year,No,Bank transfer (automatic),69.05,1958.45,4459,0.027659852486673502,69.05,22.918953770457662,0
2928,United States,California,Granite Bay,95746,38.749466,-121.184196,Male,No,Yes,No,8,Yes,No,No,No internet service,No internet service,No internet service,No internet service,No internet service,No internet service,One year,No,Credit card (automatic),19.9,153.95,3152,0.095880837580934,19.9,22.896344014327042,0
998,United States,California,San Bernardino,92405,34.142747,-117.300864,Male,No,No,No,2,Yes,No,No,No internet service,No internet service,No internet service,No internet service,No internet service,No internet service,One year,No,Credit card (automatic),19.3,28.3,2279,0.09827735174215405,19.3,22.761034663482878,1
5314,United States,California,Dixon,95620,38.392821,-121.799917,Female,No,No,No,25,Yes,No,No,No internet service,No internet service,No internet service,No internet service,No internet service,No internet service,Month-to-month,Yes,Credit card (automatic),19.2,532.1,2159,0.09769875964957932,19.2,22.509794223263075,0
1532,United States,California,Salinas,93901,36.64152,-121.622188,Female,No,No,Yes,2,Yes,No,No,No internet service,No internet service,No internet service,No internet service,No internet service,No internet service,Month-to-month,Yes,Electronic check,19.6,35.85,2843,0.09530224548835928,19.6,22.415088138862103,1
4693,United States,California,Irvine,92606,33.703976,-117.824172,Female,No,Yes,No,64,Yes,Yes,DSL,No,No,Yes,Yes,No,No,One year,No,Bank transfer (automatic),58.35,3756.45,5331,0.031739429729185996,58.35,22.223948696376034,0
6467,United States,California,Upper Lake,95485,39.220368,-122.907693,Female,No,Yes,Yes,1,Yes,No,No,No internet service,No internet service,No internet service,No internet service,No internet service,No internet service,Month-to-month,No,Electronic check,19.25,19.25,2053,0.09530224548835928,19.25,22.014818707810996,0
5039,United States,California,San Lorenzo,94580,37.676249,-122.132415,Female,No,No,No,24,Yes,Yes,No,No internet service,No internet service,No internet service,No internet service,No internet service,No internet service,One year,No,Bank transfer (automatic),24.6,605.25,4147,0.07455135482940671,24.6,22.007559945640864,0
6974,United States,California,Ramona,92065,33.044541,-116.833922,Female,No,No,Yes,48,No,No phone service,DSL,No,Yes,Yes,No,No,Yes,Month-to-month,No,Credit card (automatic),45.55,2108.35,4106,0.04012526831304438,45.55,21.932471659910057,0
3016,United States,California,Chester,96020,40.243494,-121.154733,Male,No,No,No,26,Yes,No,No,No internet service,No internet service,No internet service,No internet service,No internet service,No internet service,Month-to-month,No,Mailed check,20.9,518.3,5895,0.08730681430617766,20.9,21.89654902798936,0
6859,United States,California,Tujunga,91042,34.296574,-118.244839,Male,No,No,Yes,29,No,No phone service,DSL,Yes,Yes,Yes,Yes,No,No,Month-to-month,Yes,Mailed check,45.0,1242.45,3290,0.04012526831304438,45.0,21.667644889043967,0
1995,United States,California,Duarte,91010,34.145695,-117.95982,Female,No,Yes,No,11,Yes,No,No,No internet service,No internet service,No internet service,No internet service,No internet service,No internet service,One year,No,Mailed check,20.6,233.9,4047,0.08730681430617766,20.6,21.58224449648712,0
6258,United States,California,Yountville,94599,38.421458,-122.365048,Male,No,Yes,Yes,36,Yes,No,DSL,Yes,No,Yes,No,No,Yes,One year,Yes,Credit card (automatic),63.7,2188.5,2504,0.02802682289157916,63.7,21.42370341832311,0
2864,United States,California,West Sacramento,95605,38.592745,-121.540036,Male,No,Yes,Yes,11,Yes,No,No,No internet service,No internet service,No internet service,No internet service,No internet service,No internet service,Month-to-month,Yes,Electronic check,20.45,250.8,2606,0.08578456606261795,20.45,21.051532511766442,0
2438,United States,California,Independence,93526,36.869584,-118.189241,Male,No,No,No,0,Yes,No,No,No internet service,No internet service,No internet service,No internet service,No internet service,No internet service,Two year,No,Mailed check,20.25,0.0,5504,0.08578456606261795,20.25,20.845649553216163,0
4155,United States,California,Sacramento,95815,38.608405,-121.449942,Female,No,No,No,17,Yes,No,No,No internet service,No internet service,No internet service,No internet service,No internet service,No internet service,One year,No,Mailed check,20.15,353.65,4650,0.08578456606261795,20.15,20.742708073941017,0
3628,United States,California,Paso Robles,93446,35.634222,-120.728341,Male,No,No,No,11,Yes,No,No,No internet service,No internet service,No internet service,No internet service,No internet service,No internet service,One year,No,Mailed check,19.5,226.8,5825,0.08730681430617766,19.5,20.429794547645574,0
1946,United States,California,Inglewood,90305,33.958134,-118.330905,Female,No,Yes,Yes,1,Yes,No,No,No internet service,No internet service,No internet service,No internet service,No internet service,No internet service,Month-to-month,No,Electronic check,19.45,19.45,5612,0.08730681430617766,19.45,20.377410459061863,0
4049,United States,California,Willits,95490,39.492046,-123.375818,Female,No,No,No,56,Yes,No,DSL,Yes,No,Yes,Yes,No,No,One year,Yes,Credit card (automatic),60.25,3282.75,4835,0.02802682289157916,60.25,20.263392950611735,0
4675,United States,California,Idyllwild,92549,33.755039,-116.741796,Male,No,No,No,17,Yes,No,No,No internet service,No internet service,No internet service,No internet service,No internet service,No internet service,One year,Yes,Bank transfer (automatic),19.65,351.55,4774,0.08578456606261795,19.65,20.228000677565312,0
2783,United States,California,Winton,95388,37.421299,-120.599587,Male,No,No,No,13,Yes,No,No,No internet service,No internet service,No internet service,No internet service,No internet service,No internet service,One year,No,Mailed check,19.45,270.2,3799,0.08578456606261795,19.45,20.02211771901503,0
4359,United States,California,Downey,90241,33.940884,-118.128628,Female,No,Yes,Yes,1,Yes,No,No,No internet service,No internet service,No internet service,No internet service,No internet service,No internet service,Month-to-month,Yes,Mailed check,19.4,19.4,3160,0.08578456606261795,19.4,19.970646979377456,0
5263,United States,California,Westport,95488,39.724433,-123.767578,Male,No,Yes,Yes,56,Yes,Yes,Fiber optic,Yes,Yes,Yes,Yes,Yes,Yes,Two year,No,Mailed check,115.85,6567.9,4937,0.014339803376499326,115.85,19.935194654009365,0
4926,United States,California,Fresno,93721,36.732694,-119.783786,Female,No,No,No,29,Yes,No,No,No internet service,No internet service,No internet service,No internet service,No internet service,No internet service,Month-to-month,No,Credit card (automatic),19.35,601.6,5227,0.08578456606261795,19.35,19.919176239739887,0
4739,United States,California,Garden Grove,92844,33.766476,-117.969795,Female,No,Yes,Yes,72,Yes,Yes,Fiber optic,Yes,Yes,Yes,Yes,Yes,Yes,Two year,Yes,Electronic check,115.5,8425.15,4017,0.014339803376499326,115.5,19.874967479828065,0
2638,United States,California,Richmond,94805,37.941456,-122.320968,Male,No,Yes,Yes,68,Yes,Yes,Fiber optic,Yes,Yes,Yes,Yes,Yes,Yes,Two year,Yes,Bank transfer (automatic),114.7,7849.85,5671,0.014339803376499326,114.7,19.737305367413676,0
5345,United States,California,Rio Oso,95674,38.954144,-121.482536,Female,No,Yes,Yes,6,No,No phone service,DSL,No,Yes,Yes,Yes,No,No,Two year,No,Mailed check,40.55,217.5,2866,0.04012526831304438,40.55,19.524955561127395,0
4765,United States,California,Santa Barbara,93101,34.419203,-119.710008,Female,No,No,Yes,10,No,No phone service,DSL,Yes,Yes,No,Yes,No,No,One year,No,Mailed check,40.25,411.45,2876,0.04012526831304438,40.25,19.380504595200435,0
7002,United States,California,San Diego,92129,32.961064,-117.134917,Male,No,Yes,Yes,37,No,No phone service,DSL,Yes,No,Yes,Yes,No,No,One year,Yes,Electronic check,40.2,1525.35,2308,0.04012526831304438,40.2,19.35642943421261,0
4323,United States,California,Los Angeles,90015,34.039224,-118.266293,Male,No,Yes,No,63,Yes,No,DSL,Yes,Yes,No,Yes,Yes,No,One year,No,Credit card (automatic),70.8,4448.8,5114,0.022725641960357715,70.8,19.30770540951991,0
5709,United States,California,Claremont,91711,34.127621,-117.717863,Male,No,Yes,Yes,59,Yes,Yes,Fiber optic,Yes,Yes,No,Yes,Yes,Yes,Two year,Yes,Mailed check,111.1,6555.2,4952,0.014339803376499326,111.1,19.1178258615489,0
5753,United States,California,Mount Laguna,91948,32.830852,-116.444601,Female,No,No,No,59,Yes,Yes,DSL,Yes,No,No,Yes,No,Yes,One year,No,Bank transfer (automatic),68.7,4070.95,4244,0.022986620740421956,68.7,18.950170138403863,0
6834,United States,California,Los Alamitos,90720,33.79499,-118.065591,Female,No,Yes,No,52,No,No phone service,DSL,Yes,No,Yes,No,No,No,One year,No,Mailed check,35.45,1958.95,5509,0.04421883556450637,35.45,18.81069264914101,0
2515,United States,California,Monterey,93940,36.362741,-121.869685,Male,No,Yes,No,62,No,No phone service,DSL,No,No,No,Yes,Yes,No,Two year,Yes,Bank transfer (automatic),39.0,2337.45,4987,0.04012526831304438,39.0,18.778625570504772,0
3038,United States,California,Mill Creek,96061,40.331975,-121.460674,Female,No,Yes,Yes,68,Yes,Yes,Fiber optic,Yes,No,Yes,Yes,Yes,Yes,Two year,Yes,Bank transfer (automatic),109.05,7508.55,6391,0.014339803376499326,109.05,18.76506669848702,0
3537,United States,California,Corona,92883,33.762351,-117.488725,Female,No,No,No,8,Yes,No,No,No internet service,No internet service,No internet service,No internet service,No internet service,No internet service,Two year,No,Mailed check,20.85,161.65,4249,0.07455135482940671,20.85,18.65274897831756,0
3175,United States,California,Whittier,90603,33.945318,-117.992066,Female,No,Yes,No,27,Yes,No,No,No internet service,No internet service,No internet service,No internet service,No internet service,No internet service,One year,Yes,Mailed check,20.55,583.3,2269,0.07546710574515762,20.55,18.61018827675587,0
3908,United States,California,Watsonville,95076,36.931654,-121.752383,Male,No,No,No,26,Yes,No,No,No internet service,No internet service,No internet service,No internet service,No internet service,No internet service,One year,Yes,Credit card (automatic),20.65,595.5,2194,0.07455135482940671,20.65,18.47382572672698,0
6452,United States,California,Kenwood,95452,38.419525,-122.521585,Female,No,Yes,Yes,1,Yes,No,No,No internet service,No internet service,No internet service,No internet service,No internet service,No internet service,Month-to-month,No,Mailed check,20.05,20.05,5811,0.07546710574515762,20.05,18.157385642284925,0
6528,United States,California,Greenwood,95635,38.921333,-120.897718,Male,No,Yes,Yes,68,Yes,No,Fiber optic,Yes,Yes,Yes,No,Yes,Yes,Two year,Yes,Bank transfer (automatic),105.25,7173.15,5795,0.014339803376499326,105.25,18.11117166451865,0
4482,United States,California,Burbank,91505,34.174215,-118.345928,Male,No,Yes,Yes,25,Yes,No,DSL,No,Yes,Yes,No,No,No,One year,No,Mailed check,53.65,1355.45,5854,0.02802682289157916,53.65,18.043668577598666,0
3663,United States,California,Palmdale,93552,34.557711,-118.029441,Female,No,No,No,18,Yes,No,No,No internet service,No internet service,No internet service,No internet service,No internet service,No internet service,One year,No,Mailed check,20.1,407.05,2910,0.07455135482940671,20.1,17.9817867848529,0
4240,United States,California,Dunsmuir,96025,41.212695,-122.392067,Female,No,No,No,17,Yes,No,No,No internet service,No internet service,No internet service,No internet service,No internet service,No internet service,One year,No,Credit card (automatic),20.05,337.9,4828,0.07455135482940671,20.05,17.937055971955253,0
2030,United States,California,Tarzana,91356,34.157137,-118.548511,Female,No,Yes,No,29,Yes,No,No,No internet service,No internet service,No internet service,No internet service,No internet service,No internet service,One year,No,Electronic check,20.0,540.05,3800,0.07455135482940671,20.0,17.892325159057613,0
5321,United States,California,Foresthill,95631,39.031876,-120.811141,Male,No,No,Yes,19,Yes,No,No,No internet service,No internet service,No internet service,No internet service,No internet service,No internet service,Month-to-month,Yes,Electronic check,20.0,377.55,5188,0.07455135482940671,20.0,17.892325159057613,0
5992,United States,California,Camp Nelson,93208,36.057458,-118.591951,Female,No,Yes,Yes,35,No,No phone service,DSL,No,No,No,Yes,Yes,No,One year,No,Mailed check,40.9,1383.6,5691,0.03641266147543755,40.9,17.87133425214475,0
1986,United States,California,Long Beach,90807,33.830099,-118.182239,Female,No,Yes,Yes,6,Yes,No,No,No internet service,No internet service,No internet service,No internet service,No internet service,No internet service,Month-to-month,No,Mailed check,19.7,113.5,4293,0.07546710574515762,19.7,17.84042379815526,0
3136,United States,California,Compton,90220,33.88151,-118.234451,Female,No,No,No,17,Yes,No,No,No internet service,No internet service,No internet service,No internet service,No internet service,No internet service,One year,No,Bank transfer (automatic),19.9,323.15,2093,0.07455135482940671,19.9,17.80286353326232,0
3904,United States,California,Santa Cruz,95064,37.007882,-122.065975,Male,No,Yes,No,46,Yes,No,No,No internet service,No internet service,No internet service,No internet service,No internet service,No internet service,Month-to-month,No,Electronic check,19.6,851.2,5092,0.07546710574515762,19.6,17.749863271261077,0
5242,United States,California,Jenner,95450,38.505995,-123.187019,Male,No,Yes,Yes,16,Yes,No,No,No internet service,No internet service,No internet service,No internet service,No internet service,No internet service,Month-to-month,No,Electronic check,19.75,313.4,3677,0.07462914380509432,19.75,17.687107081807355,0
6818,United States,California,Whittier,90606,33.976678,-118.065875,Female,No,Yes,No,37,Yes,No,No,No internet service,No internet service,No internet service,No internet service,No internet service,No internet service,Month-to-month,No,Bank transfer (automatic),19.5,805.2,3924,0.07546710574515762,19.5,17.659302744366883,0
883,United States,California,Compton,90221,33.885811,-118.206459,Female,No,Yes,Yes,11,Yes,No,No,No internet service,No internet service,No internet service,No internet service,No internet service,No internet service,Month-to-month,Yes,Mailed check,19.25,180.3,5638,0.07538182901090199,19.25,17.41320250151836,1
5613,United States,California,La Habra,90631,33.940619,-117.9513,Female,No,Yes,Yes,67,Yes,Yes,Fiber optic,Yes,No,Yes,Yes,No,Yes,One year,Yes,Bank transfer (automatic),100.25,6689.0,5588,0.014339803376499326,100.25,17.25078346192869,0
6480,United States,California,Carlotta,95528,40.497283,-123.93037,Female,No,No,No,22,Yes,No,No,No internet service,No internet service,No internet service,No internet service,No internet service,No internet service,One year,No,Bank transfer (automatic),20.85,450.65,3171,0.06832424860230049,20.85,17.094727000295585,0
2853,United States,California,Redway,95560,40.142256,-123.852927,Male,No,No,No,50,No,No phone service,DSL,Yes,No,No,Yes,No,No,One year,Yes,Mailed check,35.4,1748.9,5052,0.04012526831304438,35.4,17.045213979381252,0
4993,United States,California,San Francisco,94134,37.721052,-122.413573,Female,No,No,No,16,Yes,No,No,No internet service,No internet service,No internet service,No internet service,No internet service,No internet service,One year,No,Mailed check,19.05,326.65,4336,0.07455135482940671,19.05,17.042439714002374,0
5141,United States,California,San Jose,95129,37.305622,-122.000887,Female,No,Yes,Yes,32,Yes,No,DSL,Yes,Yes,No,Yes,No,No,Month-to-month,No,Bank transfer (automatic),61.4,1864.65,2649,0.023092612365263374,61.4,17.01463679072605,0
3234,United States,California,Chatsworth,91311,34.294142,-118.603883,Male,No,No,No,19,Yes,No,No,No internet service,No internet service,No internet service,No internet service,No internet service,No internet service,One year,No,Mailed check,18.8,279.2,2916,0.07455135482940671,18.8,16.818785649514155,0
5831,United States,California,Palm Springs,92264,33.745746,-116.514215,Female,No,No,No,34,Yes,No,No,No internet service,No internet service,No internet service,No internet service,No internet service,No internet service,Month-to-month,No,Mailed check,20.35,673.2,2864,0.06805890230546578,20.35,16.619983942994743,0
2591,United States,California,Hayward,94542,37.656695,-122.048361,Male,No,No,Yes,3,Yes,No,No,No internet service,No internet service,No internet service,No internet service,No internet service,No internet service,Month-to-month,No,Mailed check,20.85,60.65,5868,0.06585498108448928,20.85,16.47691626733922,0
2094,United States,California,La Mesa,91941,32.759327,-116.99726,Female,No,Yes,No,68,No,No phone service,DSL,No,Yes,Yes,Yes,Yes,Yes,Two year,No,Credit card (automatic),60.3,4109.0,4864,0.022725641960357715,60.3,16.444274522514842,0
3850,United States,California,Berkeley,94707,37.897753,-122.279391,Male,No,Yes,No,46,No,No phone service,DSL,Yes,No,Yes,Yes,No,No,Two year,No,Credit card (automatic),40.4,1842.7,2519,0.03390266158238839,40.4,16.43601033514189,0
2861,United States,California,Zenia,95595,40.170357,-123.417298,Male,No,No,No,19,Yes,No,No,No internet service,No internet service,No internet service,No internet service,No internet service,No internet service,Two year,Yes,Mailed check,19.95,373.5,2831,0.06805890230546578,19.95,16.293301211928508,0
3697,United States,California,Raymond,93653,37.252057,-119.95783,Female,No,Yes,Yes,6,Yes,No,No,No internet service,No internet service,No internet service,No internet service,No internet service,No internet service,Month-to-month,No,Mailed check,19.85,119.3,5060,0.06805890230546578,19.85,16.21163052916195,0
6019,United States,California,Three Rivers,93271,36.413433,-118.854708,Female,No,No,No,20,Yes,No,No,No internet service,No internet service,No internet service,No internet service,No internet service,No internet service,One year,No,Mailed check,19.5,403.15,4700,0.06832424860230049,19.5,15.987874172938316,0
4067,United States,California,Korbel,95550,40.7666,-123.80458,Male,No,No,Yes,19,Yes,Yes,No,No internet service,No internet service,No internet service,No internet service,No internet service,No internet service,Month-to-month,Yes,Credit card (automatic),24.1,439.2,2378,0.05526896130908637,24.1,15.98378361058778,0
2231,United States,California,San Bernardino,92404,34.183286,-117.221722,Male,No,Yes,Yes,72,Yes,Yes,Fiber optic,No,No,No,No,No,Yes,Two year,Yes,Credit card (automatic),84.5,6130.85,6202,0.01570617317700046,84.5,15.926059601478467,0
1182,United States,California,Merced,95348,37.40122,-120.514191,Female,Yes,Yes,No,72,Yes,Yes,DSL,Yes,Yes,Yes,Yes,Yes,Yes,Two year,No,Credit card (automatic),92.45,6440.25,5697,0.014339803376499326,92.45,15.908577865888352,1
6763,United States,California,Los Angeles,90061,33.92128,-118.274186,Male,No,Yes,No,72,Yes,Yes,DSL,Yes,Yes,Yes,Yes,Yes,Yes,Two year,No,Credit card (automatic),92.3,6719.9,5136,0.014339803376499326,92.3,15.882766219810655,0
4979,United States,California,San Francisco,94110,37.750021,-122.415201,Male,No,No,No,72,Yes,Yes,DSL,Yes,Yes,Yes,Yes,Yes,Yes,Two year,No,Bank transfer (automatic),92.0,6632.75,4200,0.014339803376499326,92.0,15.831142927655256,0
6671,United States,California,Hyampom,96046,40.648024,-123.465088,Male,Yes,Yes,No,63,No,No phone service,DSL,Yes,No,No,Yes,No,No,One year,No,Bank transfer (automatic),36.1,2298.9,5089,0.03641266147543755,36.1,15.773964951159545,0
4973,United States,California,Sunnyvale,94086,37.378541,-122.020456,Female,No,Yes,Yes,72,Yes,Yes,Fiber optic,Yes,Yes,Yes,Yes,Yes,Yes,Two year,Yes,Credit card (automatic),116.8,8456.75,6252,0.011214803376499327,116.8,15.718668412501454,0
6151,United States,California,King City,93930,36.220761,-120.980777,Female,No,Yes,Yes,70,Yes,Yes,Fiber optic,Yes,Yes,Yes,Yes,Yes,Yes,Two year,Yes,Credit card (automatic),115.15,8250.0,4388,0.011214803376499327,115.15,15.49661530564677,0
4490,United States,California,Baldwin Park,91706,34.098275,-117.967399,Male,Yes,Yes,No,70,Yes,Yes,DSL,Yes,Yes,Yes,Yes,Yes,Yes,Two year,No,Credit card (automatic),90.05,6333.4,4666,0.014339803376499326,90.05,15.495591528645171,0
3500,United States,California,Mission Viejo,92691,33.611945,-117.665867,Female,No,Yes,No,66,Yes,Yes,DSL,Yes,Yes,Yes,Yes,Yes,Yes,Two year,No,Credit card (automatic),89.9,5958.85,4082,0.014339803376499326,89.9,15.469779882567476,0
2504,United States,California,Fresno,93728,36.757345,-119.818274,Female,No,Yes,No,72,Yes,Yes,DSL,Yes,Yes,Yes,Yes,Yes,Yes,Two year,No,Credit card (automatic),89.8,6510.45,5762,0.014339803376499326,89.8,15.452572118515672,0
5318,United States,California,Elmira,95625,38.349195,-121.902943,Female,No,Yes,Yes,46,No,No phone service,DSL,Yes,Yes,No,No,No,No,Month-to-month,No,Bank transfer (automatic),35.05,1620.25,4829,0.03641266147543755,35.05,15.315165416569034,0
4677,United States,California,Moreno Valley,92553,33.923149,-117.244933,Male,No,Yes,No,72,Yes,Yes,DSL,Yes,Yes,Yes,Yes,Yes,Yes,Two year,Yes,Credit card (automatic),88.7,6301.7,5764,0.014339803376499326,88.7,15.263286713945883,0
5986,United States,California,Santa Barbara,93111,34.460197,-119.802602,Male,No,No,No,13,Yes,No,No,No internet service,No internet service,No internet service,No internet service,No internet service,No internet service,Two year,No,Mailed check,19.75,265.75,2016,0.0642306813508385,19.75,15.222671480148723,0
6001,United States,California,Huron,93234,36.217864,-120.080117,Male,No,Yes,Yes,68,Yes,Yes,Fiber optic,Yes,Yes,No,No,No,No,One year,Yes,Bank transfer (automatic),85.5,5696.6,4380,0.014339803376499326,85.5,14.712638264288309,0
4807,United States,California,Tulare,93274,36.185471,-119.375243,Female,No,No,No,70,Yes,Yes,DSL,Yes,Yes,Yes,No,Yes,Yes,Two year,No,Mailed check,84.7,5991.05,4180,0.014339803376499326,84.7,14.574976151873916,0
5375,United States,California,Rocklin,95765,38.823278,-121.281856,Male,No,No,No,22,Yes,No,No,No internet service,No internet service,No internet service,No internet service,No internet service,No internet service,One year,No,Credit card (automatic),20.3,467.15,2768,0.05962787485738306,20.3,14.525350315258514,0
6768,United States,California,Los Angeles,90067,34.057496,-118.413959,Male,No,Yes,Yes,43,No,No phone service,DSL,No,Yes,No,No,No,No,Month-to-month,No,Credit card (automatic),29.3,1224.05,4741,0.04012526831304438,29.3,14.108044338866405,0
2542,United States,California,Sunnyvale,94089,37.421633,-122.009613,Male,No,Yes,No,67,Yes,No,DSL,Yes,Yes,Yes,No,Yes,Yes,Two year,No,Credit card (automatic),81.35,5398.6,4219,0.014339803376499326,81.35,13.99851605613864,0
2622,United States,California,Emeryville,94608,37.83726,-122.287648,Male,No,Yes,No,71,Yes,Yes,DSL,Yes,Yes,Yes,Yes,No,Yes,Two year,Yes,Mailed check,80.1,5585.4,6045,0.014339803376499326,80.1,13.783419005491151,0
6890,United States,California,Oak Park,91377,34.19225,-118.776874,Male,No,Yes,Yes,60,Yes,No,DSL,Yes,Yes,No,Yes,Yes,Yes,Month-to-month,Yes,Credit card (automatic),79.05,4663.4,5275,0.014339803376499326,79.05,13.602737482947258,0
5194,United States,California,Long Barn,95335,38.109125,-120.078597,Male,Yes,Yes,No,72,Yes,Yes,DSL,No,Yes,Yes,Yes,Yes,No,Two year,No,Credit card (automatic),77.35,5396.25,6202,0.014339803376499326,77.35,13.310205494066675,0
4929,United States,California,Fresno,93727,36.751489,-119.68072,Male,No,Yes,No,65,Yes,Yes,DSL,Yes,No,Yes,Yes,No,Yes,Two year,No,Bank transfer (automatic),76.15,4929.55,6177,0.014339803376499326,76.15,13.103712325445084,0
4604,United States,California,Joshua Tree,92252,34.167236,-116.281511,Male,No,No,No,11,Yes,No,No,No internet service,No internet service,No internet service,No internet service,No internet service,No internet service,Two year,No,Mailed check,20.4,231.45,5397,0.05313542233344213,20.4,13.00755138722663,0
5199,United States,California,Mi Wuk Village,95346,38.121601,-120.133915,Female,Yes,No,No,70,Yes,Yes,DSL,No,Yes,Yes,Yes,Yes,No,Two year,Yes,Bank transfer (automatic),75.5,5212.65,6024,0.014339803376499326,75.5,12.99186185910839,0
5976,United States,California,Fillmore,93015,34.408161,-118.865111,Male,No,Yes,No,70,Yes,Yes,DSL,Yes,No,Yes,Yes,No,Yes,Two year,Yes,Credit card (automatic),74.8,5315.8,6447,0.014339803376499326,74.8,12.871407510745794,0
3198,United States,California,Wilmington,90744,33.782068,-118.262263,Male,No,No,No,35,Yes,Yes,No,No internet service,No internet service,No internet service,No internet service,No internet service,No internet service,One year,No,Bank transfer (automatic),26.2,954.9,4419,0.04012526831304438,26.2,12.615384357621153,0
5719,United States,California,La Verne,91750,34.144703,-117.770299,Male,No,Yes,Yes,0,Yes,No,No,No internet service,No internet service,No internet service,No internet service,No internet service,No internet service,One year,Yes,Mailed check,19.7,0.0,4890,0.05313542233344213,19.7,12.561213839625719,0
6705,United States,California,Fort Bidwell,96112,41.932207,-120.135941,Male,No,Yes,No,70,Yes,Yes,DSL,No,Yes,Yes,Yes,Yes,No,Two year,No,Bank transfer (automatic),72.95,5265.55,6466,0.014339803376499326,72.95,12.553063875787512,0
3439,United States,California,San Bernardino,92405,34.142747,-117.300864,Female,No,Yes,No,54,Yes,No,DSL,Yes,No,Yes,Yes,No,Yes,Two year,No,Bank transfer (automatic),69.95,3871.85,5077,0.014339803376499326,69.95,12.036830954233535,0
6590,United States,California,Sacramento,95828,38.486938,-121.395805,Male,No,No,No,67,No,No phone service,DSL,Yes,No,No,Yes,Yes,No,Two year,No,Electronic check,43.9,3097.2,6344,0.022725641960357715,43.9,11.971868184716444,0
2823,United States,California,Potter Valley,95469,39.408634,-123.045516,Male,No,No,No,63,Yes,Yes,DSL,Yes,Yes,Yes,Yes,No,No,One year,No,Bank transfer (automatic),68.8,4111.35,5082,0.014339803376499326,68.8,11.838941667637844,0
2662,United States,California,Ben Lomond,95005,37.078873,-122.090386,Female,No,Yes,No,58,Yes,Yes,No,No internet service,No internet service,No internet service,No internet service,No internet service,No internet service,One year,Yes,Credit card (automatic),24.5,1497.9,4455,0.04012526831304438,24.5,11.796828884035047,0
4582,United States,California,San Diego,92117,32.825086,-117.199424,Female,No,Yes,Yes,33,Yes,Yes,No,No internet service,No internet service,No internet service,No internet service,No internet service,No internet service,Month-to-month,No,Bank transfer (automatic),24.25,838.5,5531,0.04012526831304438,24.25,11.676453079095914,0
2170,United States,California,Joshua Tree,92252,34.167236,-116.281511,Male,No,No,No,20,Yes,No,No,No internet service,No internet service,No internet service,No internet service,No internet service,No internet service,Two year,Yes,Mailed check,19.7,419.4,2120,0.04904185508198015,19.7,11.593494541380107,0
5641,United States,California,Long Beach,90815,33.797638,-118.11662,Male,No,Yes,No,46,Yes,No,DSL,Yes,Yes,Yes,Yes,No,No,Two year,No,Mailed check,65.65,3047.15,2680,0.014339803376499326,65.65,11.29689710000617,0
5890,United States,California,Riverside,92508,33.885499,-117.324959,Male,No,Yes,No,60,Yes,No,DSL,Yes,Yes,No,Yes,No,No,Two year,Yes,Mailed check,61.35,3766.2,6174,0.014339803376499326,61.35,10.556963245778805,0
4408,United States,California,Hawaiian Gardens,90716,33.830431,-118.074071,Female,No,Yes,Yes,34,Yes,No,DSL,Yes,Yes,Yes,No,No,No,One year,Yes,Mailed check,60.8,2042.05,4522,0.014339803376499326,60.8,10.462320543493908,0
2110,United States,California,Escondido,92026,33.21846,-117.116916,Male,No,No,No,69,No,No phone service,DSL,Yes,Yes,No,Yes,Yes,Yes,Two year,Yes,Bank transfer (automatic),60.05,4176.7,5388,0.014339803376499326,60.05,10.333262313105415,0
6648,United States,California,Washington,95986,39.34128,-120.786867,Male,No,No,No,26,Yes,No,No,No internet service,No internet service,No internet service,No internet service,No internet service,No internet service,One year,No,Mailed check,19.4,525.55,4602,0.04421883556450637,19.4,10.294144919417082,0
2696,United States,California,San Jose,95122,37.32886,-121.834567,Male,No,Yes,No,70,No,No phone service,DSL,Yes,No,Yes,Yes,Yes,Yes,Two year,No,Bank transfer (automatic),59.5,4144.8,4031,0.014339803376499326,59.5,10.23861961082052,0
4648,United States,California,Needles,92363,34.711224,-114.702256,Female,No,Yes,Yes,40,Yes,Yes,No,No internet service,No internet service,No internet service,No internet service,No internet service,No internet service,Month-to-month,Yes,Electronic check,26.2,1077.5,2211,0.031739429729185996,26.2,9.978876706856077,0
3121,United States,California,Los Angeles,90056,33.987945,-118.370442,Female,No,No,No,42,Yes,No,No,No internet service,No internet service,No internet service,No internet service,No internet service,No internet service,One year,Yes,Mailed check,20.65,958.1,5956,0.04012526831304438,20.65,9.943041487972396,0
4088,United States,California,Zenia,95595,40.170357,-123.417298,Male,No,Yes,Yes,19,Yes,No,No,No internet service,No internet service,No internet service,No internet service,No internet service,No internet service,Month-to-month,No,Mailed check,20.6,414.95,2276,0.04012526831304438,20.6,9.918966326984572,0
5052,United States,California,Oakland,94605,37.758019,-122.138678,Female,No,No,Yes,3,Yes,No,No,No internet service,No internet service,No internet service,No internet service,No internet service,No internet service,One year,Yes,Credit card (automatic),20.55,57.4,2774,0.04012526831304438,20.55,9.894891165996745,0
4106,United States,California,Foresthill,95631,39.031876,-120.811141,Male,No,No,Yes,9,Yes,No,No,No internet service,No internet service,No internet service,No internet service,No internet service,No internet service,Month-to-month,No,Mailed check,20.4,184.1,4195,0.04012526831304438,20.4,9.822665683033264,0
4083,United States,California,Trinidad,95570,41.162295,-124.027381,Male,No,Yes,Yes,1,Yes,No,No,No internet service,No internet service,No internet service,No internet service,No internet service,No internet service,One year,No,Mailed check,20.4,20.4,4540,0.04012526831304438,20.4,9.822665683033264,0
1334,United States,California,Cerritos,90703,33.8681,-118.067402,Male,No,No,No,45,Yes,No,No,No internet service,No internet service,No internet service,No internet service,No internet service,No internet service,One year,Yes,Electronic check,20.4,930.45,5398,0.04012526831304438,20.4,9.822665683033264,1
4899,United States,California,Madera,93638,37.004068,-119.930027,Male,No,No,No,36,Yes,No,No,No internet service,No internet service,No internet service,No internet service,No internet service,No internet service,One year,Yes,Credit card (automatic),20.35,695.85,3526,0.04012526831304438,20.35,9.798590522045439,0
5152,United States,California,San Jose,95148,37.339533,-121.777179,Male,No,Yes,No,42,Yes,No,No,No internet service,No internet service,No internet service,No internet service,No internet service,No internet service,Two year,No,Electronic check,20.25,835.5,5940,0.04012526831304438,20.25,9.750440200069786,0
2124,United States,California,Solana Beach,92075,33.001813,-117.263628,Female,No,No,No,41,Yes,No,No,No internet service,No internet service,No internet service,No internet service,No internet service,No internet service,One year,Yes,Credit card (automatic),20.25,865.0,3972,0.04012526831304438,20.25,9.750440200069786,0
3844,United States,California,Oakland,94612,37.809014,-122.269739,Male,No,No,No,27,Yes,No,No,No internet service,No internet service,No internet service,No internet service,No internet service,No internet service,One year,No,Bank transfer (automatic),20.1,562.6,3428,0.04012526831304438,20.1,9.678214717106306,0
3813,United States,California,Martinez,94553,38.014457,-122.115432,Female,No,No,No,33,Yes,Yes,No,No internet service,No internet service,No internet service,No internet service,No internet service,No internet service,Two year,No,Credit card (automatic),25.7,826.1,3378,0.03137245932428034,25.7,9.675266455608055,0
1874,United States,California,Los Angeles,90011,34.00709,-118.258681,Male,No,No,No,62,Yes,No,DSL,Yes,Yes,No,No,No,No,One year,No,Bank transfer (automatic),56.15,3487.95,4529,0.014339803376499326,56.15,9.662159515085246,0
3060,United States,California,Chilcoot,96105,39.872961,-120.198876,Female,No,Yes,No,49,Yes,No,No,No internet service,No internet service,No internet service,No internet service,No internet service,No internet service,One year,Yes,Bank transfer (automatic),20.05,923.1,5579,0.04012526831304438,20.05,9.654139556118478,0
2946,United States,California,Sacramento,95830,38.490508,-121.284171,Male,No,Yes,No,36,Yes,No,No,No internet service,No internet service,No internet service,No internet service,No internet service,No internet service,One year,No,Mailed check,20.0,666.75,4175,0.04012526831304438,20.0,9.630064395130653,0
4425,United States,California,Long Beach,90813,33.781086,-118.199049,Female,No,Yes,Yes,55,Yes,No,DSL,Yes,Yes,No,No,No,No,Month-to-month,No,Electronic check,55.7,3131.8,4149,0.014339803376499326,55.7,9.58472457685215,0
4942,United States,California,Jolon,93928,35.930782,-121.189757,Male,Yes,No,No,32,Yes,No,No,No internet service,No internet service,No internet service,No internet service,No internet service,No internet service,One year,No,Credit card (automatic),19.8,587.7,3836,0.04012526831304438,19.8,9.533763751179345,0
6649,United States,California,Willows,95988,39.493991,-122.286363,Male,No,Yes,No,24,Yes,No,No,No internet service,No internet service,No internet service,No internet service,No internet service,No internet service,Two year,No,Mailed check,19.75,483.15,3455,0.04012526831304438,19.75,9.50968859019152,0
1378,United States,California,Borrego Springs,92004,33.200369,-116.192313,Male,No,No,Yes,40,Yes,No,DSL,Yes,Yes,No,No,No,No,Month-to-month,Yes,Mailed check,55.25,2139.2,2810,0.014339803376499326,55.25,9.507289638619053,1
4351,United States,California,Los Angeles,90077,34.102084,-118.451629,Male,No,No,No,19,Yes,No,No,No internet service,No internet service,No internet service,No internet service,No internet service,No internet service,Two year,No,Mailed check,19.65,358.15,5596,0.04012526831304438,19.65,9.461538268215865,0
2683,United States,California,Santa Cruz,95065,37.031404,-121.981865,Male,No,No,No,42,Yes,No,No,No internet service,No internet service,No internet service,No internet service,No internet service,No internet service,One year,Yes,Mailed check,19.55,839.4,5293,0.04012526831304438,19.55,9.413387946240212,0
5044,United States,California,Pleasanton,94588,37.685052,-121.912061,Female,No,Yes,No,29,Yes,No,No,No internet service,No internet service,No internet service,No internet service,No internet service,No internet service,Two year,Yes,Mailed check,19.55,521.8,5758,0.04012526831304438,19.55,9.413387946240212,0
3385,United States,California,Palm Springs,92262,33.839989,-116.659215,Female,No,Yes,No,30,Yes,No,No,No internet service,No internet service,No internet service,No internet service,No internet service,No internet service,One year,No,Bank transfer (automatic),19.55,608.5,5203,0.04012526831304438,19.55,9.413387946240212,0
6823,United States,California,La Mirada,90638,33.902045,-118.008961,Female,No,No,No,24,Yes,No,No,No internet service,No internet service,No internet service,No internet service,No internet service,No internet service,Two year,Yes,Bank transfer (automatic),19.55,470.2,2511,0.04012526831304438,19.55,9.413387946240212,0
3508,United States,California,Tustin,92780,33.735802,-117.818805,Male,No,Yes,No,58,Yes,No,No,No internet service,No internet service,No internet service,No internet service,No internet service,No internet service,One year,Yes,Electronic check,19.55,1108.8,4801,0.04012526831304438,19.55,9.413387946240212,0
2382,United States,California,Three Rivers,93271,36.413433,-118.854708,Male,No,No,No,51,Yes,Yes,No,No internet service,No internet service,No internet service,No internet service,No internet service,No internet service,One year,Yes,Bank transfer (automatic),24.6,1266.4,4886,0.03137245932428034,24.6,9.261149992527557,0
4655,United States,California,Sugarloaf,92386,34.243088,-116.830015,Male,No,No,No,29,Yes,No,No,No internet service,No internet service,No internet service,No internet service,No internet service,No internet service,One year,No,Mailed check,19.1,529.5,5880,0.04012526831304438,19.1,9.196711497349773,0
2122,United States,California,Santa Ysabel,92070,33.174725,-116.743329,Female,No,Yes,Yes,66,Yes,Yes,DSL,Yes,Yes,Yes,No,No,No,Month-to-month,Yes,Bank transfer (automatic),67.45,4508.65,4172,0.011214803376499327,67.45,9.077261852938555,0
6334,United States,California,San Jose,95117,37.311088,-121.961786,Male,No,Yes,Yes,61,Yes,Yes,DSL,No,No,Yes,Yes,Yes,Yes,Two year,Yes,Bank transfer (automatic),81.0,4976.15,4151,0.009131470043165993,81.0,8.875788881957345,0
4613,United States,California,Parker Dam,92267,34.273872,-114.192901,Male,No,No,No,28,Yes,No,No,No internet service,No internet service,No internet service,No internet service,No internet service,No internet service,One year,No,Credit card (automatic),18.25,534.7,5327,0.04012526831304438,18.25,8.78743376055672,0
4466,United States,California,Santa Clarita,91350,34.502432,-118.41459,Male,Yes,No,No,51,Yes,Yes,No,No internet service,No internet service,No internet service,No internet service,No internet service,No internet service,One year,No,Bank transfer (automatic),25.0,1260.7,5896,0.027659852486673502,25.0,8.297955746002051,0
2881,United States,California,Grizzly Flats,95636,38.636102,-120.522149,Male,No,Yes,No,72,Yes,Yes,DSL,Yes,Yes,Yes,Yes,Yes,No,Two year,No,Bank transfer (automatic),82.3,5815.15,4162,0.008369057618848414,82.3,8.265281304374694,0
5466,United States,California,Gerber,96035,40.03194,-122.176023,Male,No,Yes,Yes,58,Yes,No,DSL,No,Yes,No,Yes,Yes,Yes,One year,Yes,Credit card (automatic),75.2,4300.8,4559,0.009131470043165993,75.2,8.240238566952993,0
4616,United States,California,Thermal,92274,33.53604,-116.119222,Female,No,Yes,Yes,18,Yes,No,No,No internet service,No internet service,No internet service,No internet service,No internet service,No internet service,Month-to-month,No,Mailed check,20.45,357.0,2047,0.03137245932428034,20.45,7.698801518178394,0
3764,United States,California,San Francisco,94103,37.773147,-122.411287,Female,No,No,No,38,Yes,No,No,No internet service,No internet service,No internet service,No internet service,No internet service,No internet service,One year,No,Mailed check,20.05,678.2,4539,0.03137245932428034,20.05,7.548213713421848,0
5196,United States,California,Manteca,95337,37.750822,-121.238423,Female,No,Yes,Yes,22,Yes,No,No,No internet service,No internet service,No internet service,No internet service,No internet service,No internet service,Month-to-month,No,Mailed check,19.9,400.3,5657,0.03137245932428034,19.9,7.491743286638144,0
6130,United States,California,Traver,93673,36.456091,-119.486225,Female,No,No,No,25,Yes,No,No,No internet service,No internet service,No internet service,No internet service,No internet service,No internet service,Two year,No,Credit card (automatic),19.8,475.2,3875,0.03137245932428034,19.8,7.454096335449009,0
5391,United States,California,Sacramento,95834,38.646209,-121.52446,Female,No,Yes,Yes,6,Yes,No,No,No internet service,No internet service,No internet service,No internet service,No internet service,No internet service,One year,No,Mailed check,19.7,94.45,4122,0.03137245932428034,19.7,7.416449384259872,0
3329,United States,California,Escondido,92025,33.081478,-117.033814,Male,No,No,No,21,Yes,No,No,No internet service,No internet service,No internet service,No internet service,No internet service,No internet service,Two year,No,Mailed check,19.6,390.4,4562,0.03137245932428034,19.6,7.378802433070735,0
1903,United States,California,Los Angeles,90058,34.001617,-118.222274,Female,No,Yes,No,69,Yes,Yes,DSL,Yes,No,Yes,Yes,No,No,Two year,Yes,Credit card (automatic),64.15,4254.1,5128,0.008970675859720802,64.15,6.905626276813074,0
3768,United States,California,San Francisco,94111,37.801776,-122.402293,Female,No,Yes,Yes,13,Yes,Yes,No,No internet service,No internet service,No internet service,No internet service,No internet service,No internet service,Two year,Yes,Bank transfer (automatic),25.0,332.5,4734,0.022725641960357715,25.0,6.817692588107315,0
6402,United States,California,Manteca,95336,37.830267,-121.201018,Female,No,No,Yes,2,Yes,No,No,No internet service,No internet service,No internet service,No internet service,No internet service,No internet service,One year,No,Bank transfer (automatic),20.5,38.25,4486,0.027659852486673502,20.5,6.804323711721683,0
6762,United States,California,Los Angeles,90058,34.001617,-118.222274,Female,No,Yes,No,49,Yes,No,No,No internet service,No internet service,No internet service,No internet service,No internet service,No internet service,One year,No,Bank transfer (automatic),20.45,900.9,6061,0.027659852486673502,20.45,6.7877278002296775,0
5446,United States,California,Redding,96003,40.677649,-122.29467,Male,No,Yes,Yes,20,No,No phone service,DSL,Yes,No,Yes,Yes,No,No,Two year,Yes,Credit card (automatic),39.4,825.4,3899,0.014339803376499326,39.4,6.779859036408881,0
5359,United States,California,Woodland,95695,38.71967,-121.862416,Male,No,No,No,46,No,No phone service,DSL,Yes,No,Yes,Yes,No,No,Two year,No,Mailed check,38.25,1755.35,2653,0.014339803376499326,38.25,6.581969749813191,0
2514,United States,California,Greenfield,93927,36.248708,-121.386617,Male,No,Yes,Yes,64,Yes,Yes,Fiber optic,Yes,No,Yes,No,No,Yes,Two year,No,Bank transfer (automatic),93.4,5822.3,6249,0.005845675859720803,93.4,6.551833503575076,0
3675,United States,California,Chowchilla,93610,37.100948,-120.270136,Male,No,Yes,Yes,32,Yes,No,No,No internet service,No internet service,No internet service,No internet service,No internet service,No internet service,Month-to-month,Yes,Credit card (automatic),19.45,674.55,4363,0.027659852486673502,19.45,6.455809570389595,0
5660,United States,California,La Crescenta,91214,34.239636,-118.245259,Female,No,Yes,Yes,49,Yes,No,DSL,Yes,Yes,Yes,Yes,Yes,Yes,One year,Yes,Mailed check,87.2,4345.0,4567,0.005845675859720803,87.2,6.1169152196118475,0
4740,United States,California,Garden Grove,92845,33.782955,-118.026456,Female,No,No,No,48,Yes,Yes,No,No internet service,No internet service,No internet service,No internet service,No internet service,No internet service,One year,No,Credit card (automatic),25.05,1171.5,3642,0.019274013902815114,25.05,5.7937685791862235,0
2492,United States,California,Wishon,93669,37.287758,-119.548156,Female,No,Yes,No,70,Yes,No,DSL,Yes,Yes,Yes,Yes,No,Yes,One year,No,Credit card (automatic),74.1,5222.3,6325,0.005845675859720803,74.1,5.197974974463738,0
4788,United States,California,Lake Isabella,93240,35.607875,-118.466318,Male,No,Yes,Yes,72,Yes,Yes,Fiber optic,Yes,Yes,No,Yes,Yes,Yes,Two year,Yes,Credit card (automatic),107.7,7919.8,4351,0.0039806478439916235,107.7,5.144589273574774,0
6369,United States,California,Glencoe,95232,38.358464,-120.579304,Female,No,Yes,Yes,72,Yes,No,Fiber optic,Yes,Yes,Yes,Yes,Yes,Yes,Two year,Yes,Credit card (automatic),109.5,7854.9,6419,0.00376234252638747,109.5,4.943718079673136,0
6587,United States,California,Sacramento,95824,38.517295,-121.439819,Female,No,Yes,Yes,72,Yes,No,Fiber optic,Yes,Yes,Yes,Yes,Yes,Yes,Two year,Yes,Bank transfer (automatic),108.3,7679.65,4183,0.00376234252638747,108.3,4.889540347293156,0
3353,United States,California,San Diego,92120,32.807867,-117.060993,Male,No,Yes,Yes,62,Yes,No,Fiber optic,Yes,Yes,Yes,Yes,Yes,Yes,Two year,No,Mailed check,108.15,6825.65,5298,0.00376234252638747,108.15,4.882768130745659,0
5088,United States,California,Novato,94947,38.112166,-122.634384,Female,No,Yes,No,49,Yes,No,No,No internet service,No internet service,No internet service,No internet service,No internet service,No internet service,One year,No,Credit card (automatic),20.7,1032.05,4074,0.019274013902815114,20.7,4.787665053459275,0
3053,United States,California,Trinity Center,96091,41.081847,-122.700545,Male,Yes,Yes,Yes,72,Yes,No,Fiber optic,Yes,No,Yes,Yes,Yes,Yes,Two year,Yes,Credit card (automatic),104.1,7447.7,5092,0.00376234252638747,104.1,4.699918283963227,0
4773,United States,California,Arvin,93203,35.116307,-118.817644,Female,No,Yes,Yes,9,Yes,No,No,No internet service,No internet service,No internet service,No internet service,No internet service,No internet service,One year,No,Mailed check,20.25,172.35,4272,0.019274013902815114,20.25,4.683585378384072,0
5887,United States,California,Riverside,92504,33.9108,-117.398153,Male,No,Yes,Yes,67,Yes,No,Fiber optic,No,Yes,Yes,Yes,Yes,Yes,Two year,No,Bank transfer (automatic),103.15,6895.5,4376,0.00376234252638747,103.15,4.657027579162412,0
2609,United States,California,San Leandro,94577,37.717196,-122.159338,Female,No,Yes,Yes,10,Yes,Yes,No,No internet service,No internet service,No internet service,No internet service,No internet service,No internet service,Two year,No,Credit card (automatic),26.1,225.55,3179,0.014339803376499326,26.1,4.49122641751959,0
4163,United States,California,Sacramento,95825,38.590035,-121.412455,Male,No,No,No,56,Yes,Yes,No,No internet service,No internet service,No internet service,No internet service,No internet service,No internet service,Two year,Yes,Bank transfer (automatic),25.95,1444.05,4246,0.014339803376499326,25.95,4.46541477144189,0
2204,United States,California,Death Valley,92328,36.27688,-117.033326,Female,No,Yes,No,52,Yes,Yes,No,No internet service,No internet service,No internet service,No internet service,No internet service,No internet service,Two year,Yes,Bank transfer (automatic),25.05,1270.25,5674,0.014339803376499326,25.05,4.310544894975698,0
3867,United States,California,Lagunitas,94938,38.021772,-122.691744,Female,No,Yes,Yes,53,Yes,No,DSL,No,No,Yes,No,No,Yes,One year,No,Credit card (automatic),60.6,3297.0,4854,0.005845675859720803,60.6,4.2509754851889685,0
6077,United States,California,Palmdale,93550,34.536232,-118.082935,Female,No,Yes,Yes,18,Yes,Yes,No,No internet service,No internet service,No internet service,No internet service,No internet service,No internet service,Two year,Yes,Credit card (automatic),24.65,471.35,5231,0.014339803376499326,24.65,4.241713838768501,0
4393,United States,California,Whittier,90604,33.929704,-118.01208,Male,No,Yes,Yes,69,Yes,No,Fiber optic,No,Yes,No,Yes,Yes,No,Two year,Yes,Mailed check,92.15,6480.9,5817,0.00376234252638747,92.15,4.1603983656792645,0
3951,United States,California,San Andreas,95249,38.196497,-120.61689,Male,No,No,No,53,Yes,Yes,No,No internet service,No internet service,No internet service,No internet service,No internet service,No internet service,One year,No,Bank transfer (automatic),24.05,1301.9,4865,0.014339803376499326,24.05,4.138467254457705,0
6814,United States,California,Whittier,90601,34.007353,-118.033683,Male,No,Yes,Yes,70,Yes,Yes,DSL,No,Yes,Yes,Yes,Yes,Yes,Two year,Yes,Electronic check,84.1,5979.7,5568,0.00376234252638747,84.1,3.796956077630235,0
4991,United States,California,San Francisco,94131,37.746699,-122.442833,Male,No,No,No,71,Yes,Yes,DSL,Yes,Yes,Yes,Yes,No,Yes,Two year,No,Bank transfer (automatic),80.6,5708.2,5447,0.00376234252638747,80.6,3.638937691521961,0
6606,United States,California,Biggs,95917,39.457388,-121.818201,Female,No,No,No,70,Yes,No,DSL,Yes,No,Yes,Yes,Yes,Yes,Two year,No,Bank transfer (automatic),79.6,5589.45,5474,0.00376234252638747,79.6,3.5937895812053116,0
5541,United States,California,Los Angeles,90023,34.017697,-118.200577,Male,No,Yes,Yes,24,Yes,No,No,No internet service,No internet service,No internet service,No internet service,No internet service,No internet service,One year,Yes,Credit card (automatic),20.8,469.65,4654,0.014339803376499326,20.8,3.5792149227742316,0
3542,United States,California,Fillmore,93015,34.408161,-118.865111,Female,No,No,No,40,Yes,No,No,No internet service,No internet service,No internet service,No internet service,No internet service,No internet service,Two year,Yes,Bank transfer (automatic),20.6,827.3,3091,0.014339803376499326,20.6,3.544799394670634,0
2592,United States,California,Hayward,94544,37.639215,-122.037554,Female,No,No,No,71,Yes,No,DSL,Yes,Yes,Yes,Yes,Yes,No,Two year,No,Credit card (automatic),77.35,5550.1,4846,0.00376234252638747,77.35,3.4922063329928497,0
4599,United States,California,Earp,92242,34.137742,-114.36514,Male,No,No,Yes,9,Yes,No,No,No internet service,No internet service,No internet service,No internet service,No internet service,No internet service,One year,No,Mailed check,20.1,190.25,3444,0.014339803376499326,20.1,3.458760574411638,0
4607,United States,California,Morongo Valley,92256,34.097863,-116.594561,Female,No,Yes,Yes,55,Yes,Yes,DSL,Yes,Yes,No,Yes,No,Yes,One year,Yes,Bank transfer (automatic),75.75,4264.25,4489,0.00376234252638747,75.75,3.4199693564862104,0
3119,United States,California,Los Angeles,90048,34.072945,-118.37267,Female,No,Yes,No,63,Yes,No,DSL,Yes,Yes,Yes,Yes,Yes,No,Two year,No,Credit card (automatic),75.55,4707.85,4626,0.00376234252638747,75.55,3.4109397344228807,0
4888,United States,California,Dunlap,93621,36.789213,-119.140338,Male,No,Yes,No,50,Yes,No,No,No internet service,No internet service,No internet service,No internet service,No internet service,No internet service,Two year,No,Electronic check,19.8,1013.2,5914,0.014339803376499326,19.8,3.4071372822562402,0
4529,United States,California,Imperial Beach,91932,32.579134,-117.119009,Male,No,Yes,Yes,38,Yes,No,No,No internet service,No internet service,No internet service,No internet service,No internet service,No internet service,Month-to-month,No,Electronic check,19.6,717.3,3854,0.014339803376499326,19.6,3.3727217541526415,0
6868,United States,California,Glendale,91208,34.195386,-118.238508,Male,No,No,No,43,Yes,No,No,No internet service,No internet service,No internet service,No internet service,No internet service,No internet service,Two year,No,Mailed check,19.55,876.15,4871,0.014339803376499326,19.55,3.3641178721267426,0
4600,United States,California,El Centro,92243,32.770393,-115.60915,Female,No,Yes,Yes,68,Yes,Yes,DSL,Yes,Yes,Yes,No,Yes,No,One year,Yes,Credit card (automatic),73.0,5163.0,4156,0.00376234252638747,73.0,3.295812053115424,0
6846,United States,California,Long Beach,90808,33.823943,-118.111335,Male,Yes,Yes,Yes,71,Yes,Yes,DSL,No,Yes,Yes,Yes,No,Yes,One year,Yes,Bank transfer (automatic),72.9,5139.65,6404,0.00376234252638747,72.9,3.2912972420837594,0
3696,United States,California,Raisin City,93652,36.594542,-119.905245,Male,No,Yes,No,67,Yes,Yes,DSL,Yes,Yes,Yes,Yes,No,No,Two year,No,Credit card (automatic),70.9,4677.1,4361,0.00376234252638747,70.9,3.20100102145046,0
4124,United States,California,Rescue,95672,38.724322,-120.991237,Male,No,Yes,Yes,50,Yes,Yes,DSL,Yes,No,No,Yes,Yes,No,Two year,Yes,Credit card (automatic),70.5,3486.65,4022,0.00376234252638747,70.5,3.1829417773237996,0
3717,United States,California,Fresno,93726,36.793601,-119.761131,Male,No,No,Yes,41,Yes,No,DSL,Yes,Yes,Yes,No,Yes,No,One year,No,Mailed check,70.2,2894.55,5365,0.00376234252638747,70.2,3.169397344228805,0
6515,United States,California,Davis,95616,38.508735,-121.678813,Female,No,Yes,Yes,48,Yes,No,DSL,Yes,Yes,Yes,No,No,Yes,Two year,Yes,Credit card (automatic),70.1,3238.4,5476,0.00376234252638747,70.1,3.1648825331971397,0
3895,United States,California,Los Gatos,95033,37.160194,-121.945611,Male,No,No,No,66,Yes,Yes,DSL,Yes,Yes,Yes,Yes,No,No,Two year,No,Bank transfer (automatic),68.75,4447.55,5454,0.00376234252638747,68.75,3.1039325842696632,0
3603,United States,California,Bakersfield,93304,35.339796,-119.023552,Female,No,No,No,49,Yes,No,DSL,Yes,Yes,Yes,Yes,No,No,Two year,No,Bank transfer (automatic),67.4,3306.85,5075,0.00376234252638747,67.4,3.0429826353421863,0
2392,United States,California,Bakersfield,93304,35.339796,-119.023552,Male,No,Yes,No,72,Yes,Yes,DSL,Yes,No,Yes,Yes,No,No,Two year,Yes,Credit card (automatic),66.5,4811.6,4397,0.00376234252638747,66.5,3.0023493360572013,0
3588,United States,California,Springville,93265,36.245926,-118.693138,Female,No,Yes,Yes,57,Yes,Yes,DSL,Yes,Yes,No,Yes,No,No,Month-to-month,No,Bank transfer (automatic),65.2,3687.85,4491,0.00376234252638747,65.2,2.943656792645557,0
5465,United States,California,Gazelle,96034,41.411315,-122.697236,Male,No,No,Yes,48,Yes,Yes,DSL,Yes,Yes,Yes,No,No,No,One year,Yes,Bank transfer (automatic),64.4,3035.35,2545,0.00376234252638747,64.4,2.9075383043922374,0
4792,United States,California,Lemon Cove,93244,36.462671,-118.997291,Male,No,Yes,Yes,42,Yes,No,DSL,Yes,No,No,Yes,No,Yes,One year,No,Credit card (automatic),63.7,2763.35,3764,0.00376234252638747,63.7,2.875934627170582,0
6527,United States,California,Georgetown,95634,38.9386,-120.785514,Male,No,Yes,Yes,47,No,No phone service,DSL,Yes,No,Yes,Yes,No,No,One year,No,Electronic check,40.3,1794.8,5040,0.005845675859720803,40.3,2.8269688457609803,0
3939,United States,California,Burson,95225,38.183918,-120.898817,Female,No,Yes,No,60,Yes,No,DSL,Yes,Yes,No,Yes,No,No,Two year,No,Bank transfer (automatic),59.85,3483.45,4029,0.00376234252638747,59.85,2.7021144024514814,0
1885,United States,California,Los Angeles,90026,34.078991,-118.263804,Male,No,Yes,Yes,49,Yes,No,DSL,Yes,Yes,No,Yes,No,No,Month-to-month,No,Credit card (automatic),59.6,2970.3,4986,0.00376234252638747,59.6,2.6908273748723186,0
6232,United States,California,Hercules,94547,37.991259,-122.214945,Male,No,No,No,51,Yes,Yes,No,No internet service,No internet service,No internet service,No internet service,No internet service,No internet service,Two year,No,Mailed check,24.75,1234.6,5080,0.008970675859720802,24.75,2.664290730337078,0
1147,United States,California,Cupertino,95014,37.306612,-122.080621,Male,No,Yes,No,55,Yes,No,DSL,Yes,Yes,No,Yes,No,No,Two year,No,Bank transfer (automatic),57.55,3046.4,5463,0.00376234252638747,57.55,2.598273748723187,1
2428,United States,California,California City,93505,35.151491,-117.927597,Female,No,Yes,No,61,Yes,Yes,No,No internet service,No internet service,No internet service,No internet service,No internet service,No internet service,Two year,Yes,Mailed check,24.1,1551.6,5970,0.008970675859720802,24.1,2.594319458631256,0
4407,United States,California,Lakewood,90715,33.841027,-118.078097,Female,No,Yes,Yes,71,Yes,Yes,DSL,Yes,Yes,Yes,Yes,Yes,Yes,Two year,Yes,Credit card (automatic),90.55,6239.05,6009,0.002247191011235955,90.55,2.4417977528089887,0
4010,United States,California,Boonville,95415,39.025867,-123.381544,Male,No,No,No,71,No,No phone service,DSL,Yes,Yes,Yes,Yes,Yes,No,Two year,No,Bank transfer (automatic),53.95,3888.65,4094,0.00376234252638747,53.95,2.4357405515832484,0
6862,United States,California,Pasadena,91105,34.13946,-118.166649,Female,No,No,Yes,21,No,No phone service,DSL,Yes,Yes,Yes,Yes,Yes,No,Two year,No,Mailed check,53.15,1183.2,3461,0.00376234252638747,53.15,2.399622063329929,0
6605,United States,California,Berry Creek,95916,39.657228,-121.37778,Male,No,Yes,Yes,52,No,No phone service,DSL,No,Yes,Yes,Yes,Yes,No,Two year,No,Mailed check,50.2,2554.0,5396,0.00376234252638747,50.2,2.266435137895812,0
5055,United States,California,Emeryville,94608,37.83726,-122.287648,Male,No,Yes,No,71,Yes,No,No,No internet service,No internet service,No internet service,No internet service,No internet service,No internet service,One year,No,Electronic check,20.85,1539.75,4837,0.008970675859720802,20.85,2.244463100102145,0
4147,United States,California,Soda Springs,95728,39.279068,-120.414275,Male,No,Yes,Yes,46,Yes,No,DSL,Yes,No,Yes,Yes,Yes,Yes,Two year,No,Mailed check,81.0,3846.35,4280,0.002247191011235955,81.0,2.184269662921348,0
5254,United States,California,Nice,95464,39.12334,-122.838198,Female,No,Yes,Yes,10,Yes,No,No,No internet service,No internet service,No internet service,No internet service,No internet service,No internet service,Two year,No,Mailed check,20.15,220.8,2836,0.008970675859720802,20.15,2.16910942288049,0
3112,United States,California,Los Angeles,90039,34.110845,-118.259595,Female,No,No,No,40,Yes,No,No,No internet service,No internet service,No internet service,No internet service,No internet service,No internet service,Two year,No,Mailed check,20.15,804.85,3915,0.008970675859720802,20.15,2.16910942288049,0
5612,United States,California,Cypress,90630,33.818477,-118.038307,Female,No,Yes,Yes,7,Yes,No,No,No internet service,No internet service,No internet service,No internet service,No internet service,No internet service,Two year,No,Mailed check,19.85,144.15,3973,0.008970675859720802,19.85,2.1368149897854956,0
5582,United States,California,Hawthorne,90250,33.914775,-118.348083,Female,Yes,Yes,Yes,48,No,No phone service,DSL,No,Yes,No,No,No,No,One year,No,Bank transfer (automatic),29.9,1388.75,2617,0.005845675859720803,29.9,2.097428498467824,0
3703,United States,California,Shaver Lake,93664,37.223,-119.001021,Male,No,Yes,Yes,56,Yes,Yes,DSL,Yes,Yes,No,Yes,No,Yes,Two year,Yes,Credit card (automatic),75.85,4261.2,5314,0.002247191011235955,75.85,2.045393258426966,0
2033,United States,California,Thousand Oaks,91362,34.191842,-118.822796,Male,No,Yes,No,72,No,No phone service,DSL,Yes,Yes,Yes,Yes,No,No,Two year,No,Credit card (automatic),45.25,3139.8,5041,0.00376234252638747,45.25,2.0429519918283963,0
1923,United States,California,Downey,90242,33.921793,-118.140588,Male,No,Yes,No,62,Yes,Yes,No,No internet service,No internet service,No internet service,No internet service,No internet service,No internet service,Two year,Yes,Bank transfer (automatic),24.25,1424.6,4444,0.00688734252638747,24.25,2.004216675178754,0
4371,United States,California,Palos Verdes Peninsula,90274,33.788208,-118.404955,Female,No,Yes,Yes,58,Yes,No,DSL,No,No,No,No,No,No,One year,Yes,Mailed check,44.1,2413.05,5040,0.00376234252638747,44.1,1.9910316649642492,0
5124,United States,California,Santa Cruz,95065,37.031404,-121.981865,Female,No,Yes,Yes,72,Yes,Yes,DSL,Yes,No,Yes,No,Yes,No,Two year,Yes,Bank transfer (automatic),71.45,5025.85,5656,0.002247191011235955,71.45,1.9267415730337079,0
6600,United States,California,Sacramento,95864,38.585826,-121.376263,Male,No,Yes,Yes,67,Yes,Yes,DSL,Yes,Yes,Yes,Yes,No,No,One year,Yes,Credit card (automatic),69.35,4653.25,5589,0.002247191011235955,69.35,1.8701123595505615,0
4816,United States,California,Bakersfield,93305,35.391733,-118.984109,Male,No,Yes,No,72,Yes,Yes,DSL,Yes,Yes,Yes,Yes,No,No,Two year,Yes,Bank transfer (automatic),67.8,4804.65,5242,0.002247191011235955,67.8,1.8283146067415728,0
6564,United States,California,Camino,95709,38.748316,-120.675512,Male,No,No,Yes,23,No,No phone service,DSL,Yes,No,Yes,Yes,No,No,Two year,No,Mailed check,40.1,857.75,2327,0.00376234252638747,40.1,1.8104392236976508,0
2673,United States,California,Morgan Hill,95037,37.161544,-121.649371,Male,No,Yes,No,70,Yes,No,DSL,Yes,Yes,Yes,Yes,No,No,Two year,No,Credit card (automatic),64.95,4523.25,5669,0.002247191011235955,64.95,1.7514606741573033,0
3504,United States,California,Santa Ana,92703,33.748635,-117.906125,Female,No,Yes,No,71,Yes,No,DSL,Yes,Yes,Yes,Yes,No,No,Two year,No,Credit card (automatic),64.05,4492.9,4374,0.002247191011235955,64.05,1.7271910112359548,0
4021,United States,California,Fulton,95439,38.493888,-122.777141,Female,No,Yes,Yes,72,No,No phone service,DSL,Yes,Yes,Yes,Yes,Yes,Yes,Two year,Yes,Bank transfer (automatic),63.8,4684.3,6107,0.002247191011235955,63.8,1.720449438202247,0
6781,United States,California,Downey,90240,33.956228,-118.120993,Female,No,Yes,No,60,No,No phone service,DSL,Yes,Yes,No,Yes,No,No,Two year,No,Bank transfer (automatic),37.7,2288.7,5148,0.00376234252638747,37.7,1.7020837589376918,0
5343,United States,California,Rescue,95672,38.724322,-120.991237,Female,No,Yes,Yes,56,Yes,No,DSL,Yes,Yes,Yes,No,No,No,Two year,Yes,Credit card (automatic),61.3,3346.8,4173,0.002247191011235955,61.3,1.6530337078651682,0
4266,United States,California,Montgomery Creek,96065,40.877552,-121.885884,Male,No,No,Yes,5,Yes,No,No,No internet service,No internet service,No internet service,No internet service,No internet service,No internet service,Two year,No,Mailed check,20.45,106.9,3353,0.005845675859720803,20.45,1.434528855975485,0
5852,United States,California,Daggett,92327,34.875144,-116.821698,Female,No,Yes,Yes,9,Yes,No,No,No internet service,No internet service,No internet service,No internet service,No internet service,No internet service,Two year,No,Mailed check,20.35,191.1,5352,0.005845675859720803,20.35,1.4275140449438202,0
5097,United States,California,Stinson Beach,94970,37.921137,-122.657562,Female,No,Yes,Yes,25,Yes,No,No,No internet service,No internet service,No internet service,No internet service,No internet service,No internet service,One year,No,Mailed check,20.05,520.1,2010,0.005845675859720803,20.05,1.4064696118488254,0
6979,United States,California,Santee,92071,32.847336,-116.997605,Male,No,No,No,49,Yes,No,No,No internet service,No internet service,No internet service,No internet service,No internet service,No internet service,Two year,Yes,Credit card (automatic),19.9,1022.6,5240,0.005845675859720803,19.9,1.3959473953013277,0
5617,United States,California,Pico Rivera,90660,33.989524,-118.089299,Male,No,Yes,Yes,21,Yes,No,No,No internet service,No internet service,No internet service,No internet service,No internet service,No internet service,One year,No,Mailed check,19.8,350.1,3243,0.005845675859720803,19.8,1.388932584269663,0
6375,United States,California,Mokelumne Hill,95245,38.304194,-120.592431,Female,No,Yes,Yes,8,Yes,No,No,No internet service,No internet service,No internet service,No internet service,No internet service,No internet service,Two year,No,Bank transfer (automatic),19.5,159.35,5206,0.005845675859720803,19.5,1.367888151174668,0
3622,United States,California,Guadalupe,93434,34.936,-120.594655,Female,No,Yes,Yes,66,Yes,No,DSL,No,No,No,Yes,No,No,One year,Yes,Credit card (automatic),49.4,3251.85,5232,0.002247191011235955,49.4,1.332134831460674,0
5010,United States,California,Clayton,94517,37.881842,-121.848111,Female,No,Yes,No,70,Yes,Yes,No,No internet service,No internet service,No internet service,No internet service,No internet service,No internet service,Two year,Yes,Bank transfer (automatic),26.0,2006.95,6170,0.00376234252638747,26.0,1.1738508682328908,0
5193,United States,California,Livingston,95334,37.361987,-120.748394,Female,No,Yes,No,72,Yes,Yes,No,No internet service,No internet service,No internet service,No internet service,No internet service,No internet service,Two year,Yes,Mailed check,26.0,1776.0,5374,0.00376234252638747,26.0,1.1738508682328908,0
6040,United States,California,Buellton,93427,34.631362,-120.238218,Female,No,Yes,No,61,Yes,Yes,No,No internet service,No internet service,No internet service,No internet service,No internet service,No internet service,Two year,No,Bank transfer (automatic),25.3,1554.9,4501,0.00376234252638747,25.3,1.142247191011236,0
3726,United States,California,Carmel,93923,36.460611,-121.852507,Female,No,Yes,No,72,Yes,Yes,No,No internet service,No internet service,No internet service,No internet service,No internet service,No internet service,Two year,Yes,Bank transfer (automatic),25.25,1841.2,4551,0.00376234252638747,25.25,1.1399897854954035,0
6321,United States,California,San Martin,95046,37.084697,-121.606417,Female,No,No,Yes,43,Yes,Yes,No,No internet service,No internet service,No internet service,No internet service,No internet service,No internet service,Two year,Yes,Electronic check,25.1,1070.15,4797,0.00376234252638747,25.1,1.133217568947906,0
3548,United States,California,Simi Valley,93065,34.269449,-118.768471,Male,Yes,No,No,72,Yes,Yes,No,No internet service,No internet service,No internet service,No internet service,No internet service,No internet service,Two year,Yes,Credit card (automatic),25.1,1789.9,5751,0.00376234252638747,25.1,1.133217568947906,0
3827,United States,California,San Ramon,94583,37.766556,-121.976784,Female,No,Yes,No,64,Yes,Yes,No,No internet service,No internet service,No internet service,No internet service,No internet service,No internet service,Two year,No,Credit card (automatic),25.0,1584.8,5538,0.00376234252638747,25.0,1.128702757916241,0
2070,United States,California,Mt Baldy,91759,34.231318,-117.662032,Male,No,No,No,50,Yes,Yes,No,No internet service,No internet service,No internet service,No internet service,No internet service,No internet service,Two year,No,Bank transfer (automatic),24.9,1195.25,4297,0.00376234252638747,24.9,1.1241879468845761,0
4598,United States,California,Desert Hot Springs,92240,33.948558,-116.516976,Female,No,Yes,Yes,27,Yes,Yes,No,No internet service,No internet service,No internet service,No internet service,No internet service,No internet service,Two year,No,Electronic check,24.5,761.95,2645,0.00376234252638747,24.5,1.1061287027579163,0
2210,United States,California,Forest Falls,92339,34.067699,-116.903891,Female,No,Yes,No,61,Yes,Yes,No,No internet service,No internet service,No internet service,No internet service,No internet service,No internet service,Two year,No,Mailed check,24.4,1417.9,4900,0.00376234252638747,24.4,1.1016138917262512,0
6760,United States,California,Los Angeles,90056,33.987945,-118.370442,Female,No,No,No,63,Yes,Yes,No,No internet service,No internet service,No internet service,No internet service,No internet service,No internet service,Two year,No,Mailed check,24.2,1618.2,4948,0.00376234252638747,24.2,1.0925842696629213,0
2635,United States,California,Richmond,94801,37.945288,-122.383941,Female,No,Yes,No,62,Yes,Yes,No,No internet service,No internet service,No internet service,No internet service,No internet service,No internet service,Two year,No,Bank transfer (automatic),23.65,1416.75,4671,0.00376234252638747,23.65,1.067752808988764,0
4494,United States,California,Covina,91724,34.08111,-117.853935,Male,No,No,No,62,Yes,Yes,No,No internet service,No internet service,No internet service,No internet service,No internet service,No internet service,Two year,No,Bank transfer (automatic),23.4,1429.65,5822,0.00376234252638747,23.4,1.0564657814096015,0
3086,United States,California,Los Angeles,90002,33.949255,-118.246978,Male,No,Yes,No,58,Yes,No,No,No internet service,No internet service,No internet service,No internet service,No internet service,No internet service,Two year,No,Mailed check,20.75,1185.95,4927,0.00376234252638747,20.75,0.93682328907048,0
1935,United States,California,Pacific Palisades,90272,34.079449,-118.548306,Female,No,Yes,No,48,Yes,No,No,No internet service,No internet service,No internet service,No internet service,No internet service,No internet service,Two year,No,Bank transfer (automatic),20.65,1057.0,4124,0.00376234252638747,20.65,0.9323084780388151,0
7012,United States,California,Calexico,92231,32.690654,-115.431225,Female,No,No,No,67,Yes,No,No,No internet service,No internet service,No internet service,No internet service,No internet service,No internet service,One year,No,Electronic check,20.55,1343.4,5462,0.00376234252638747,20.55,0.92779366700715,0
5317,United States,California,Elk Grove,95624,38.434138,-121.30587,Male,No,No,No,51,Yes,No,No,No internet service,No internet service,No internet service,No internet service,No internet service,No internet service,Two year,No,Mailed check,20.45,1042.65,6097,0.00376234252638747,20.45,0.9232788559754852,0
5150,United States,California,San Jose,95139,37.218705,-121.762429,Male,No,Yes,Yes,28,Yes,No,No,No internet service,No internet service,No internet service,No internet service,No internet service,No internet service,Two year,Yes,Credit card (automatic),20.3,487.95,2948,0.00376234252638747,20.3,0.9165066394279877,0
5914,United States,California,Irvine,92604,33.688546,-117.788091,Male,No,No,Yes,33,Yes,No,No,No internet service,No internet service,No internet service,No internet service,No internet service,No internet service,One year,Yes,Mailed check,20.15,682.15,5759,0.00376234252638747,20.15,0.9097344228804902,0
3722,United States,California,Salinas,93907,36.77462,-121.664714,Female,No,Yes,Yes,34,Yes,No,No,No internet service,No internet service,No internet service,No internet service,No internet service,No internet service,One year,Yes,Bank transfer (automatic),20.1,682.1,2272,0.00376234252638747,20.1,0.9074770173646578,0
6103,United States,California,Fowler,93625,36.625792,-119.672483,Female,No,No,No,53,Yes,No,No,No internet service,No internet service,No internet service,No internet service,No internet service,No internet service,Two year,No,Credit card (automatic),19.85,1049.6,6338,0.00376234252638747,19.85,0.8961899897854955,0
4196,United States,California,Greenville,95947,40.160386,-120.835428,Male,No,No,Yes,29,Yes,No,No,No internet service,No internet service,No internet service,No internet service,No internet service,No internet service,One year,No,Mailed check,19.85,535.05,2941,0.00376234252638747,19.85,0.8961899897854955,0
5381,United States,California,Sacramento,95822,38.512569,-121.495184,Female,No,No,No,56,Yes,No,No,No internet service,No internet service,No internet service,No internet service,No internet service,No internet service,Two year,No,Bank transfer (automatic),19.7,1051.9,4831,0.00376234252638747,19.7,0.889417773237998,0
6302,United States,California,San Quentin,94964,37.942551,-122.491642,Female,Yes,No,No,51,Yes,No,No,No internet service,No internet service,No internet service,No internet service,No internet service,No internet service,Two year,No,Credit card (automatic),19.6,967.9,4224,0.00376234252638747,19.6,0.884902962206333,0
4380,United States,California,Inglewood,90301,33.956445,-118.358634,Female,No,No,No,56,Yes,No,No,No internet service,No internet service,No internet service,No internet service,No internet service,No internet service,Two year,Yes,Bank transfer (automatic),19.55,1080.55,5764,0.00376234252638747,19.55,0.8826455566905005,0
5399,United States,California,Arbuckle,95912,38.982373,-122.047751,Male,No,No,No,53,Yes,No,No,No internet service,No internet service,No internet service,No internet service,No internet service,No internet service,Two year,No,Credit card (automatic),19.5,1050.5,5625,0.00376234252638747,19.5,0.8803881511746681,0
6181,United States,California,Sunnyvale,94086,37.378541,-122.020456,Female,No,No,No,61,Yes,No,No,No internet service,No internet service,No internet service,No internet service,No internet service,No internet service,One year,No,Bank transfer (automatic),19.45,1336.35,4559,0.00376234252638747,19.45,0.8781307456588356,0
5933,United States,California,San Juan Capistrano,92675,33.521447,-117.602555,Female,No,Yes,Yes,18,Yes,No,No,No internet service,No internet service,No internet service,No internet service,No internet service,No internet service,Two year,No,Mailed check,19.35,309.25,2269,0.00376234252638747,19.35,0.8736159346271706,0
3770,United States,California,San Francisco,94115,37.786031,-122.437301,Male,No,Yes,Yes,15,Yes,No,No,No internet service,No internet service,No internet service,No internet service,No internet service,No internet service,Two year,No,Mailed check,19.35,278.85,2742,0.00376234252638747,19.35,0.8736159346271706,0
5666,United States,California,West Hills,91307,34.199787,-118.68493,Female,No,No,No,62,Yes,No,No,No internet service,No internet service,No internet service,No internet service,No internet service,No internet service,Two year,Yes,Credit card (automatic),19.2,1123.65,4937,0.00376234252638747,19.2,0.8668437180796731,0
5305,United States,California,Auburn,95603,38.912881,-121.082766,Female,No,Yes,Yes,42,Yes,No,No,No internet service,No internet service,No internet service,No internet service,No internet service,No internet service,One year,Yes,Electronic check,19.05,761.85,5091,0.00376234252638747,19.05,0.8600715015321758,0
6945,United States,California,Dulzura,91917,32.622999,-116.687855,Female,No,Yes,Yes,25,Yes,No,No,No internet service,No internet service,No internet service,No internet service,No internet service,No internet service,Two year,Yes,Mailed check,18.7,383.65,2289,0.00376234252638747,18.7,0.8442696629213482,0
6027,United States,California,Bakersfield,93304,35.339796,-119.023552,Male,No,No,No,65,Yes,Yes,No,No internet service,No internet service,No internet service,No internet service,No internet service,No internet service,Two year,Yes,Bank transfer (automatic),25.1,1725.0,5449,0.0027114552534994885,25.1,0.816690322354046,0
6511,United States,California,Capay,95607,38.681651,-122.130569,Female,No,Yes,No,71,Yes,Yes,No,No internet service,No internet service,No internet service,No internet service,No internet service,No internet service,Two year,No,Credit card (automatic),25.6,1888.25,5063,0.002247191011235955,25.6,0.6903370786516854,0
2405,United States,California,Bradley,93426,35.842889,-121.004862,Male,No,Yes,No,72,Yes,Yes,No,No internet service,No internet service,No internet service,No internet service,No internet service,No internet service,Two year,No,Mailed check,25.4,1710.9,5512,0.002247191011235955,25.4,0.684943820224719,0
2637,United States,California,Richmond,94804,37.921034,-122.341798,Male,No,No,No,66,Yes,Yes,No,No internet service,No internet service,No internet service,No internet service,No internet service,No internet service,Two year,No,Mailed check,25.1,1697.7,6025,0.002247191011235955,25.1,0.6768539325842696,0
4360,United States,California,Downey,90242,33.921793,-118.140588,Male,No,Yes,No,68,Yes,Yes,No,No internet service,No internet service,No internet service,No internet service,No internet service,No internet service,Two year,No,Credit card (automatic),25.05,1629.2,4187,0.002247191011235955,25.05,0.6755056179775281,0
5149,United States,California,San Jose,95138,37.246064,-121.749494,Male,No,Yes,Yes,51,Yes,Yes,No,No internet service,No internet service,No internet service,No internet service,No internet service,No internet service,Two year,Yes,Mailed check,24.95,1222.25,5461,0.002247191011235955,24.95,0.6728089887640448,0
4925,United States,California,Fresno,93720,36.878709,-119.7645,Male,Yes,Yes,No,71,Yes,Yes,No,No internet service,No internet service,No internet service,No internet service,No internet service,No internet service,Two year,No,Bank transfer (automatic),24.85,1901.0,4367,0.002247191011235955,24.85,0.6701123595505617,0
2723,United States,California,Campo Seco,95226,38.233879,-120.861666,Female,No,Yes,Yes,45,Yes,Yes,No,No internet service,No internet service,No internet service,No internet service,No internet service,No internet service,Two year,Yes,Bank transfer (automatic),24.65,1138.8,3043,0.002247191011235955,24.65,0.6647191011235953,0
3723,United States,California,Salinas,93908,36.624338,-121.615669,Female,Yes,Yes,No,72,Yes,Yes,No,No internet service,No internet service,No internet service,No internet service,No internet service,No internet service,Two year,No,Bank transfer (automatic),24.3,1778.7,4397,0.002247191011235955,24.3,0.6552808988764045,0
4073,United States,California,Orleans,95556,41.269521,-123.546958,Male,No,Yes,Yes,52,Yes,No,No,No internet service,No internet service,No internet service,No internet service,No internet service,No internet service,One year,Yes,Credit card (automatic),20.85,1071.6,4886,0.002247191011235955,20.85,0.5622471910112359,0
6780,United States,California,Culver City,90232,34.019323,-118.391902,Male,No,No,Yes,19,Yes,No,No,No internet service,No internet service,No internet service,No internet service,No internet service,No internet service,Two year,No,Credit card (automatic),20.85,467.5,2654,0.002247191011235955,20.85,0.5622471910112359,0
4844,United States,California,Santa Margarita,93453,35.303926,-120.256567,Female,No,No,No,60,Yes,No,No,No internet service,No internet service,No internet service,No internet service,No internet service,No internet service,Two year,No,Mailed check,20.6,1093.0,4192,0.002247191011235955,20.6,0.5555056179775281,0
3721,United States,California,Salinas,93905,36.667794,-121.601306,Male,No,Yes,Yes,44,Yes,No,No,No internet service,No internet service,No internet service,No internet service,No internet service,No internet service,One year,No,Bank transfer (automatic),20.6,926.0,2471,0.002247191011235955,20.6,0.5555056179775281,0
6391,United States,California,El Nido,95317,37.127386,-120.506422,Male,No,Yes,Yes,50,Yes,No,No,No internet service,No internet service,No internet service,No internet service,No internet service,No internet service,One year,Yes,Mailed check,20.35,938.95,6391,0.002247191011235955,20.35,0.5487640449438203,0
4738,United States,California,Garden Grove,92843,33.764018,-117.931507,Female,No,Yes,Yes,38,Yes,No,No,No internet service,No internet service,No internet service,No internet service,No internet service,No internet service,One year,No,Mailed check,20.3,749.35,4686,0.002247191011235955,20.3,0.5474157303370786,0
6482,United States,California,Ferndale,95536,40.4785,-124.301372,Female,No,Yes,Yes,29,Yes,No,No,No internet service,No internet service,No internet service,No internet service,No internet service,No internet service,Two year,No,Mailed check,20.2,558.8,2784,0.002247191011235955,20.2,0.5447191011235955,0
6972,United States,California,Pala,92059,33.384345,-117.072619,Male,Yes,No,No,68,Yes,No,No,No internet service,No internet service,No internet service,No internet service,No internet service,No internet service,Two year,Yes,Credit card (automatic),20.0,1396.0,6136,0.002247191011235955,20.0,0.5393258426966292,0
6713,United States,California,Markleeville,96120,38.735789,-119.85798,Female,No,Yes,Yes,43,Yes,No,No,No internet service,No internet service,No internet service,No internet service,No internet service,No internet service,One year,No,Mailed check,20.0,817.95,4882,0.002247191011235955,20.0,0.5393258426966292,0
3010,United States,California,Big Bar,96010,40.775272,-123.287414,Female,No,No,No,60,Yes,No,No,No internet service,No internet service,No internet service,No internet service,No internet service,No internet service,Two year,No,Bank transfer (automatic),19.85,1128.1,6213,0.002247191011235955,19.85,0.5352808988764045,0
6081,United States,California,Ridgecrest,93555,35.603913,-117.67828,Male,No,No,No,67,Yes,No,No,No internet service,No internet service,No internet service,No internet service,No internet service,No internet service,Two year,Yes,Mailed check,19.8,1311.3,4260,0.002247191011235955,19.8,0.5339325842696628,0
4260,United States,California,Mcarthur,96056,41.10831,-121.360362,Female,No,Yes,Yes,24,Yes,No,No,No internet service,No internet service,No internet service,No internet service,No internet service,No internet service,Two year,No,Mailed check,19.7,452.55,4642,0.002247191011235955,19.7,0.5312359550561797,0
5211,United States,California,Sonora,95370,37.982716,-120.343732,Female,No,Yes,No,67,Yes,No,No,No internet service,No internet service,No internet service,No internet service,No internet service,No internet service,Two year,No,Mailed check,19.65,1335.2,4994,0.002247191011235955,19.65,0.5298876404494381,0
2822,United States,California,Point Arena,95468,38.911299,-123.609588,Male,No,No,No,64,Yes,No,No,No internet service,No internet service,No internet service,No internet service,No internet service,No internet service,Two year,No,Mailed check,19.55,1240.15,6036,0.002247191011235955,19.55,0.527191011235955,0
5217,United States,California,Santa Rosa,95401,38.460517,-122.790335,Male,No,Yes,Yes,41,Yes,No,No,No internet service,No internet service,No internet service,No internet service,No internet service,No internet service,One year,No,Bank transfer (automatic),19.5,798.2,2446,0.002247191011235955,19.5,0.5258426966292133,0
6923,United States,California,Ontario,91761,34.035602,-117.591528,Female,No,Yes,No,64,Yes,No,No,No internet service,No internet service,No internet service,No internet service,No internet service,No internet service,Two year,No,Credit card (automatic),19.45,1208.6,5628,0.002247191011235955,19.45,0.5244943820224719,0
3994,United States,California,Ripon,95366,37.750778,-121.13238,Female,No,Yes,No,64,Yes,No,No,No internet service,No internet service,No internet service,No internet service,No internet service,No internet service,Two year,No,Credit card (automatic),19.45,1225.65,5113,0.002247191011235955,19.45,0.5244943820224719,0
6229,United States,California,Hayward,94544,37.639215,-122.037554,Male,No,Yes,Yes,62,Yes,No,No,No internet service,No internet service,No internet service,No internet service,No internet service,No internet service,Two year,No,Credit card (automatic),20.65,1218.45,6403,0.0,20.65,0.0,0
6761,United States,California,Los Angeles,90057,34.061918,-118.277939,Male,No,Yes,Yes,48,Yes,Yes,No,No internet service,No internet service,No internet service,No internet service,No internet service,No internet service,Two year,No,Mailed check,23.55,1173.35,5019,0.0,23.55,0.0,0
5074,United States,California,Belvedere Tiburon,94920,37.885629,-122.46858,Male,No,Yes,Yes,69,Yes,No,No,No internet service,No internet service,No internet service,No internet service,No internet service,No internet service,One year,Yes,Credit card (automatic),20.55,1403.1,5366,0.0,20.55,0.0,0
4296,United States,California,Portola,96122,39.786755,-120.445626,Female,No,Yes,Yes,69,Yes,No,No,No internet service,No internet service,No internet service,No internet service,No internet service,No internet service,One year,Yes,Credit card (automatic),20.35,1442.65,5188,0.0,20.35,0.0,0
4989,United States,California,San Francisco,94124,37.731505,-122.384532,Male,No,Yes,Yes,69,Yes,No,DSL,Yes,Yes,No,Yes,Yes,Yes,Two year,No,Bank transfer (automatic),80.65,5542.55,4618,0.0,80.65,0.0,0
3692,United States,California,O Neals,93645,37.140104,-119.657092,Male,No,Yes,Yes,60,Yes,No,No,No internet service,No internet service,No internet service,No internet service,No internet service,No internet service,Two year,No,Mailed check,20.55,1205.05,4020,0.0,20.55,0.0,0
6233,United States,California,Lafayette,94549,37.907777,-122.127161,Female,No,Yes,Yes,61,Yes,No,No,No internet service,No internet service,No internet service,No internet service,No internet service,No internet service,Two year,No,Credit card (automatic),19.75,1311.6,6108,0.0,19.75,0.0,0
4603,United States,California,Imperial,92251,32.858595,-115.662709,Male,No,Yes,Yes,69,Yes,No,No,No internet service,No internet service,No internet service,No internet service,No internet service,No internet service,Two year,No,Bank transfer (automatic),19.9,1356.7,6058,0.0,19.9,0.0,0
5450,United States,California,Burney,96013,40.946785,-121.719489,Male,Yes,No,No,69,Yes,No,No,No internet service,No internet service,No internet service,No internet service,No internet service,No internet service,Two year,No,Credit card (automatic),20.3,1356.3,4042,0.0,20.3,0.0,0
6505,United States,California,Leggett,95585,39.873371,-123.741474,Female,No,Yes,Yes,67,Yes,Yes,No,No internet service,No internet service,No internet service,No internet service,No internet service,No internet service,Two year,Yes,Mailed check,24.9,1680.25,5847,0.0,24.9,0.0,0
2171,United States,California,La Quinta,92253,33.695532,-116.310571,Male,No,No,No,72,Yes,No,No,No internet service,No internet service,No internet service,No internet service,No internet service,No internet service,Two year,Yes,Credit card (automatic),19.8,1468.75,5368,0.0,19.8,0.0,0
2849,United States,California,Orick,95555,41.336354,-124.044354,Female,No,Yes,No,72,Yes,No,No,No internet service,No internet service,No internet service,No internet service,No internet service,No internet service,Two year,No,Bank transfer (automatic),19.4,1496.45,5398,0.0,19.4,0.0,0
3211,United States,California,Arcadia,91007,34.128284,-118.047732,Female,No,Yes,No,72,Yes,No,No,No internet service,No internet service,No internet service,No internet service,No internet service,No internet service,Two year,No,Credit card (automatic),20.5,1502.25,6302,0.0,20.5,0.0,0
6417,United States,California,Sonora,95370,37.982716,-120.343732,Male,No,Yes,Yes,72,Yes,Yes,DSL,Yes,Yes,Yes,Yes,Yes,Yes,Two year,No,Credit card (automatic),88.7,6501.35,4641,0.0,88.7,0.0,0
2768,United States,California,Modesto,95358,37.612612,-121.108568,Male,No,Yes,Yes,54,Yes,No,No,No internet service,No internet service,No internet service,No internet service,No internet service,No internet service,Two year,No,Credit card (automatic),20.4,1090.6,6393,0.0,20.4,0.0,0
4987,United States,California,San Francisco,94121,37.776718,-122.495781,Female,No,Yes,No,71,Yes,No,No,No internet service,No internet service,No internet service,No internet service,No internet service,No internet service,Two year,No,Mailed check,19.6,1416.5,4890,0.0,19.6,0.0,0
3688,United States,California,Madera,93637,36.902954,-120.194274,Female,No,Yes,Yes,48,Yes,No,No,No internet service,No internet service,No internet service,No internet service,No internet service,No internet service,Two year,No,Mailed check,19.55,883.35,5461,0.0,19.55,0.0,0
2601,United States,California,Pittsburg,94565,38.006047,-121.916834,Female,No,Yes,Yes,72,Yes,Yes,No,No internet service,No internet service,No internet service,No internet service,No internet service,No internet service,Two year,No,Bank transfer (automatic),23.75,1679.25,4923,0.0,23.75,0.0,0
5716,United States,California,Glendora,91740,34.119363,-117.855059,Male,No,Yes,Yes,72,No,No phone service,DSL,Yes,Yes,Yes,No,No,No,Two year,No,Credit card (automatic),38.5,2763.0,4710,0.0,38.5,0.0,0
6712,United States,California,Madeline,96119,41.042003,-120.506086,Female,No,Yes,Yes,50,Yes,No,No,No internet service,No internet service,No internet service,No internet service,No internet service,No internet service,Two year,No,Credit card (automatic),20.55,1070.25,4878,0.0,20.55,0.0,0
5331,United States,California,Madison,95653,38.674276,-121.961866,Male,No,No,Yes,52,Yes,Yes,No,No internet service,No internet service,No internet service,No internet service,No internet service,No internet service,Two year,No,Credit card (automatic),25.6,1334.5,5662,0.0,25.6,0.0,0
6141,United States,California,Fresno,93727,36.751489,-119.68072,Female,No,Yes,Yes,71,Yes,Yes,No,No internet service,No internet service,No internet service,No internet service,No internet service,No internet service,Two year,No,Credit card (automatic),23.9,1663.5,5471,0.0,23.9,0.0,0
6596,United States,California,Sacramento,95835,38.685069,-121.543709,Female,No,Yes,Yes,72,Yes,Yes,No,No internet service,No internet service,No internet service,No internet service,No internet service,No internet service,Two year,No,Credit card (automatic),24.25,1784.5,5897,0.0,24.25,0.0,0
6826,United States,California,Santa Fe Springs,90670,33.933565,-118.062611,Female,No,Yes,Yes,71,Yes,No,DSL,Yes,Yes,Yes,Yes,Yes,Yes,Two year,No,Credit card (automatic),87.25,6328.7,4135,0.0,87.25,0.0,0
5939,United States,California,Santa Ana,92701,33.748478,-117.858918,Male,No,Yes,Yes,45,Yes,No,DSL,Yes,No,No,Yes,No,No,Two year,No,Bank transfer (automatic),54.65,2553.7,5083,0.0,54.65,0.0,0
5759,United States,California,Tecate,91980,32.587557,-116.636816,Male,No,Yes,Yes,69,Yes,Yes,DSL,Yes,No,Yes,Yes,Yes,Yes,Two year,No,Bank transfer (automatic),86.9,6194.1,4667,0.0,86.9,0.0,0
2812,United States,California,Little River,95456,39.245911,-123.77214,Female,No,Yes,Yes,72,Yes,No,No,No internet service,No internet service,No internet service,No internet service,No internet service,No internet service,Two year,Yes,Credit card (automatic),20.1,1326.25,4603,0.0,20.1,0.0,0
5313,United States,California,Diamond Springs,95619,38.683605,-120.811852,Female,No,Yes,Yes,67,No,No phone service,DSL,Yes,Yes,No,No,No,No,Two year,No,Bank transfer (automatic),36.15,2434.45,6314,0.0,36.15,0.0,0
3917,United States,California,San Jose,95123,37.238758,-121.828375,Female,No,Yes,Yes,67,Yes,Yes,DSL,Yes,Yes,No,Yes,Yes,No,Two year,No,Credit card (automatic),74.0,4868.4,4188,0.0,74.0,0.0,0
6094,United States,California,Clovis,93611,36.917652,-119.593757,Female,No,Yes,Yes,61,Yes,Yes,No,No internet service,No internet service,No internet service,No internet service,No internet service,No internet service,Two year,Yes,Mailed check,24.2,1445.2,6201,0.0,24.2,0.0,0
4429,United States,California,Arcadia,91006,34.137319,-118.029837,Male,No,Yes,Yes,72,Yes,Yes,No,No internet service,No internet service,No internet service,No internet service,No internet service,No internet service,Two year,Yes,Credit card (automatic),25.1,1790.8,4185,0.0,25.1,0.0,0
3789,United States,California,Alameda,94502,37.724817,-122.224363,Female,No,Yes,Yes,62,Yes,No,No,No internet service,No internet service,No internet service,No internet service,No internet service,No internet service,Two year,No,Bank transfer (automatic),20.3,1296.15,4574,0.0,20.3,0.0,0
1996,United States,California,La Canada Flintridge,91011,34.234912,-118.153729,Male,No,Yes,No,69,Yes,No,No,No internet service,No internet service,No internet service,No internet service,No internet service,No internet service,Two year,No,Mailed check,19.9,1363.45,5570,0.0,19.9,0.0,0
3865,United States,California,Cotati,94931,38.326215,-122.718742,Female,No,Yes,Yes,61,Yes,No,No,No internet service,No internet service,No internet service,No internet service,No internet service,No internet service,One year,No,Credit card (automatic),19.1,1143.8,4376,0.0,19.1,0.0,0
2578,United States,California,Brentwood,94513,37.908242,-121.682472,Male,No,Yes,Yes,35,Yes,No,No,No internet service,No internet service,No internet service,No internet service,No internet service,No internet service,Two year,No,Bank transfer (automatic),20.5,759.35,2009,0.0,20.5,0.0,0
5812,United States,California,Beaumont,92223,33.946982,-116.977672,Male,No,No,Yes,71,Yes,No,DSL,Yes,Yes,Yes,Yes,Yes,No,Two year,Yes,Credit card (automatic),76.9,5522.7,4633,0.0,76.9,0.0,0
5692,United States,California,Van Nuys,91405,34.202494,-118.448048,Male,No,Yes,Yes,72,Yes,Yes,DSL,Yes,Yes,Yes,Yes,Yes,Yes,Two year,Yes,Credit card (automatic),90.8,6397.6,5028,0.0,90.8,0.0,0
2281,United States,California,Newport Coast,92657,33.603282,-117.821841,Male,No,Yes,Yes,55,Yes,No,No,No internet service,No internet service,No internet service,No internet service,No internet service,No internet service,Two year,No,Bank transfer (automatic),19.35,1153.25,5248,0.0,19.35,0.0,0
6199,United States,California,San Francisco,94134,37.721052,-122.413573,Female,No,Yes,Yes,47,Yes,No,No,No internet service,No internet service,No internet service,No internet service,No internet service,No internet service,Two year,No,Mailed check,19.75,948.9,3843,0.0,19.75,0.0,0
6604,United States,California,Arbuckle,95912,38.982373,-122.047751,Female,No,Yes,Yes,58,Yes,No,No,No internet service,No internet service,No internet service,No internet service,No internet service,No internet service,Two year,No,Credit card (automatic),20.5,1191.4,6186,0.0,20.5,0.0,0
4938,United States,California,Carmel Valley,93924,36.414611,-121.6386,Female,No,Yes,Yes,72,No,No phone service,DSL,Yes,Yes,Yes,Yes,Yes,Yes,Two year,No,Bank transfer (automatic),65.7,4575.35,6187,0.0,65.7,0.0,0
6158,United States,California,Spreckels,93962,36.624641,-121.647195,Female,No,Yes,Yes,72,Yes,Yes,No,No internet service,No internet service,No internet service,No internet service,No internet service,No internet service,Two year,No,Bank transfer (automatic),24.45,1709.1,5335,0.0,24.45,0.0,0
4564,United States,California,San Marcos,92078,33.119028,-117.166036,Male,No,Yes,Yes,71,Yes,Yes,No,No internet service,No internet service,No internet service,No internet service,No internet service,No internet service,Two year,No,Credit card (automatic),25.35,1847.55,5747,0.0,25.35,0.0,0
4900,United States,California,Mendota,93640,36.687292,-120.437354,Female,No,Yes,Yes,51,Yes,No,No,No internet service,No internet service,No internet service,No internet service,No internet service,No internet service,Two year,No,Mailed check,19.95,1028.75,4057,0.0,19.95,0.0,0
2357,United States,California,Frazier Park,93222,34.907911,-119.234281,Male,No,Yes,Yes,35,Yes,No,No,No internet service,No internet service,No internet service,No internet service,No internet service,No internet service,Two year,No,Mailed check,20.1,655.3,4517,0.0,20.1,0.0,0
2819,United States,California,Navarro,95463,39.182916,-123.552571,Male,No,Yes,Yes,59,Yes,No,No,No internet service,No internet service,No internet service,No internet service,No internet service,No internet service,Two year,No,Mailed check,19.85,1188.25,6144,0.0,19.85,0.0,0
4948,United States,California,Soledad,93960,36.414216,-121.360597,Male,No,Yes,Yes,61,Yes,No,No,No internet service,No internet service,No internet service,No internet service,No internet service,No internet service,One year,No,Mailed check,20.4,1226.45,5897,0.0,20.4,0.0,0
5496,United States,California,Whitmore,96096,40.637105,-121.906949,Female,No,Yes,Yes,72,Yes,Yes,DSL,Yes,Yes,No,Yes,Yes,No,Two year,No,Mailed check,74.55,5430.65,4703,0.0,74.55,0.0,0
5383,United States,California,Sacramento,95825,38.590035,-121.412455,Male,No,Yes,Yes,72,Yes,Yes,No,No internet service,No internet service,No internet service,No internet service,No internet service,No internet service,Two year,No,Bank transfer (automatic),25.0,1738.9,4275,0.0,25.0,0.0,0
4358,United States,California,Downey,90240,33.956228,-118.120993,Female,No,Yes,Yes,71,Yes,No,No,No internet service,No internet service,No internet service,No internet service,No internet service,No internet service,Two year,No,Bank transfer (automatic),19.9,1389.35,5789,0.0,19.9,0.0,0
4074,United States,California,Petrolia,95558,40.274302,-124.210902,Male,No,Yes,Yes,71,Yes,Yes,DSL,Yes,Yes,Yes,Yes,Yes,Yes,Two year,No,Credit card (automatic),89.9,6457.15,4444,0.0,89.9,0.0,0
6354,United States,California,Stockton,95205,37.965695,-121.260051,Male,No,Yes,Yes,72,Yes,Yes,DSL,Yes,Yes,Yes,Yes,No,Yes,Two year,No,Credit card (automatic),81.0,5750.0,4237,0.0,81.0,0.0,0
2264,United States,California,Irvine,92604,33.688546,-117.788091,Male,No,Yes,Yes,70,Yes,No,No,No internet service,No internet service,No internet service,No internet service,No internet service,No internet service,Two year,No,Credit card (automatic),20.05,1360.25,4485,0.0,20.05,0.0,0
4559,United States,California,Rancho Santa Fe,92067,33.012751,-117.200617,Male,No,No,Yes,39,Yes,Yes,No,No internet service,No internet service,No internet service,No internet service,No internet service,No internet service,Two year,No,Mailed check,25.0,1004.35,4295,0.0,25.0,0.0,0
2012,United States,California,Winnetka,91306,34.209532,-118.577563,Female,No,Yes,No,69,Yes,No,No,No internet service,No internet service,No internet service,No internet service,No internet service,No internet service,Two year,No,Bank transfer (automatic),19.75,1375.4,5325,0.0,19.75,0.0,0
2371,United States,California,Mc Kittrick,93251,35.38381,-119.730885,Male,No,Yes,Yes,53,Yes,Yes,No,No internet service,No internet service,No internet service,No internet service,No internet service,No internet service,Two year,No,Credit card (automatic),25.55,1336.1,5794,0.0,25.55,0.0,0
5869,United States,California,Nipton,92364,35.478736,-115.516984,Male,No,Yes,Yes,68,Yes,No,DSL,Yes,Yes,Yes,Yes,No,No,Two year,No,Credit card (automatic),62.65,4375.8,5215,0.0,62.65,0.0,0
6730,United States,California,Los Angeles,90007,34.027337,-118.28515,Male,No,Yes,Yes,71,Yes,No,No,No internet service,No internet service,No internet service,No internet service,No internet service,No internet service,Two year,No,Credit card (automatic),19.7,1301.1,4808,0.0,19.7,0.0,0
3488,United States,California,Huntington Beach,92649,33.721917,-118.043237,Male,No,Yes,Yes,52,Yes,Yes,No,No internet service,No internet service,No internet service,No internet service,No internet service,No internet service,Two year,No,Mailed check,25.75,1345.85,4676,0.0,25.75,0.0,0
5040,United States,California,San Ramon,94583,37.766556,-121.976784,Male,No,Yes,Yes,66,Yes,No,No,No internet service,No internet service,No internet service,No internet service,No internet service,No internet service,Two year,Yes,Mailed check,19.75,1344.5,4485,0.0,19.75,0.0,0
4800,United States,California,Richgrove,93261,35.809921,-119.127437,Male,No,No,Yes,71,Yes,Yes,No,No internet service,No internet service,No internet service,No internet service,No internet service,No internet service,Two year,No,Mailed check,24.35,1654.6,4155,0.0,24.35,0.0,0
5290,United States,California,Orick,95555,41.336354,-124.044354,Female,No,Yes,Yes,72,Yes,Yes,No,No internet service,No internet service,No internet service,No internet service,No internet service,No internet service,Two year,Yes,Bank transfer (automatic),24.05,1709.15,4755,0.0,24.05,0.0,0
3217,United States,California,Pasadena,91101,34.146635,-118.139225,Male,No,Yes,Yes,72,Yes,No,No,No internet service,No internet service,No internet service,No internet service,No internet service,No internet service,Two year,No,Bank transfer (automatic),20.3,1401.15,5265,0.0,20.3,0.0,0
2029,United States,California,Valencia,91355,34.43987,-118.644609,Male,No,No,Yes,61,Yes,No,No,No internet service,No internet service,No internet service,No internet service,No internet service,No internet service,Two year,No,Mailed check,19.75,1124.2,5411,0.0,19.75,0.0,0
4968,United States,California,Redwood City,94065,37.527497,-122.230941,Female,No,Yes,Yes,72,Yes,No,No,No internet service,No internet service,No internet service,No internet service,No internet service,No internet service,Two year,No,Bank transfer (automatic),19.55,1463.45,4424,0.0,19.55,0.0,0
3238,United States,California,San Fernando,91340,34.286131,-118.435969,Male,No,Yes,Yes,46,Yes,No,No,No internet service,No internet service,No internet service,No internet service,No internet service,No internet service,Two year,Yes,Mailed check,20.1,936.85,3392,0.0,20.1,0.0,0
6337,United States,California,San Jose,95120,37.186141,-121.843554,Female,No,Yes,Yes,64,Yes,Yes,No,No internet service,No internet service,No internet service,No internet service,No internet service,No internet service,One year,No,Mailed check,24.9,1595.5,5038,0.0,24.9,0.0,0
3454,United States,California,Aguanga,92536,33.482243,-116.827173,Female,No,No,Yes,24,Yes,No,No,No internet service,No internet service,No internet service,No internet service,No internet service,No internet service,Two year,No,Mailed check,19.75,498.1,2639,0.0,19.75,0.0,0
4072,United States,California,Orick,95555,41.336354,-124.044354,Male,No,No,No,67,Yes,No,No,No internet service,No internet service,No internet service,No internet service,No internet service,No internet service,Two year,No,Bank transfer (automatic),20.5,1430.95,4416,0.0,20.5,0.0,0
3756,United States,California,San Bruno,94066,37.624436,-122.430661,Female,No,Yes,Yes,56,Yes,No,No,No internet service,No internet service,No internet service,No internet service,No internet service,No internet service,Two year,No,Mailed check,20.05,1090.1,5172,0.0,20.05,0.0,0
4652,United States,California,Rialto,92376,34.109775,-117.378904,Female,No,Yes,Yes,47,Yes,No,No,No internet service,No internet service,No internet service,No internet service,No internet service,No internet service,Two year,No,Bank transfer (automatic),19.3,890.5,5829,0.0,19.3,0.0,0
5025,United States,California,Fremont,94555,37.555473,-122.080312,Male,No,Yes,Yes,64,Yes,No,No,No internet service,No internet service,No internet service,No internet service,No internet service,No internet service,Two year,Yes,Bank transfer (automatic),19.7,1274.05,5431,0.0,19.7,0.0,0
3591,United States,California,Three Rivers,93271,36.413433,-118.854708,Male,No,Yes,Yes,72,Yes,No,No,No internet service,No internet service,No internet service,No internet service,No internet service,No internet service,Two year,No,Bank transfer (automatic),19.95,1322.85,5092,0.0,19.95,0.0,0
6000,United States,California,Hanford,93230,36.29223,-119.622676,Female,No,Yes,Yes,72,Yes,Yes,DSL,Yes,Yes,Yes,Yes,No,No,Two year,Yes,Bank transfer (automatic),70.45,5165.7,4463,0.0,70.45,0.0,0
